backend_monotonic_ms,command_position_deg,command_velocity_deg_s,target_position_deg,feedback_position_deg,feedback_velocity_deg_s,feedback_torque_Nm,feedback_sequence,feedback_age_ms,power_on,control_ready
53404314,0.000000,0.000000,0.000000,0.000000,0.000000,0.000000,0,-1,0,0
53404334,0.000000,0.000000,0.000000,0.000000,0.000000,0.000000,0,-1,0,0
53404355,0.000000,0.000000,0.000000,0.000000,0.000000,0.000000,0,-1,0,0
53404376,0.000000,0.000000,0.000000,0.000000,0.000000,0.000000,0,-1,0,0
53404397,0.000000,0.000000,0.000000,0.000000,0.000000,0.000000,0,-1,0,0
53404417,0.000000,0.000000,0.000000,0.000000,0.000000,0.000000,0,-1,0,0
53404438,0.000000,0.000000,0.000000,0.000000,0.000000,0.000000,0,-1,0,0
53404459,0.000000,0.000000,0.000000,0.000000,0.000000,0.000000,0,-1,0,0
53404479,0.000000,0.000000,0.000000,0.000000,0.000000,0.000000,0,-1,0,0
53404500,0.000000,0.000000,0.000000,0.000000,0.000000,0.000000,0,-1,0,0
53404521,0.000000,0.000000,0.000000,0.000000,0.000000,0.000000,0,-1,0,0
53404541,0.000000,0.000000,0.000000,0.000000,0.000000,0.000000,0,-1,0,0
53404562,0.000000,0.000000,0.000000,0.000000,0.000000,0.000000,0,-1,0,0
53404583,0.000000,0.000000,0.000000,0.000000,0.000000,0.000000,0,-1,0,0
53404603,0.000000,0.000000,0.000000,0.000000,0.000000,0.000000,0,-1,0,0
53404624,0.000000,0.000000,0.000000,0.000000,0.000000,0.000000,0,-1,0,0
53404645,0.000000,0.000000,0.000000,0.000000,0.000000,0.000000,0,-1,0,0
53404665,0.000000,0.000000,0.000000,0.000000,0.000000,0.000000,0,-1,0,0
53404686,0.000000,0.000000,0.000000,0.000000,0.000000,0.000000,0,-1,0,0
53404707,0.000000,0.000000,0.000000,0.000000,0.000000,0.000000,0,-1,0,0
53404727,0.000000,0.000000,0.000000,0.000000,0.000000,0.000000,0,-1,0,0
53404748,0.000000,0.000000,0.000000,0.000000,0.000000,0.000000,0,-1,0,0
53404769,0.000000,0.000000,0.000000,0.000000,0.000000,0.000000,0,-1,0,0
53404789,0.000000,0.000000,0.000000,0.000000,0.000000,0.000000,0,-1,0,0
53404810,0.000000,0.000000,0.000000,0.000000,0.000000,0.000000,0,-1,0,0
53404831,0.000000,0.000000,0.000000,0.000000,0.000000,0.000000,0,-1,0,0
53404851,0.000000,0.000000,0.000000,0.000000,0.000000,0.000000,0,-1,0,0
53404872,0.000000,0.000000,0.000000,0.000000,0.000000,0.000000,0,-1,0,0
53404892,0.000000,0.000000,0.000000,0.000000,0.000000,0.000000,0,-1,0,0
53404913,0.000000,0.000000,0.000000,0.000000,0.000000,0.000000,0,-1,0,0
53404934,0.000000,0.000000,0.000000,0.000000,0.000000,0.000000,0,-1,0,0
53404954,0.000000,0.000000,0.000000,0.000000,0.000000,0.000000,0,-1,0,0
53404975,0.000000,0.000000,0.000000,0.000000,0.000000,0.000000,0,-1,0,0
53404995,0.000000,0.000000,0.000000,0.000000,0.000000,0.000000,0,-1,0,0
53405016,0.000000,0.000000,0.000000,0.000000,0.000000,0.000000,0,-1,0,0
53405037,0.000000,0.000000,0.000000,0.000000,0.000000,0.000000,0,-1,0,0
53405057,0.000000,0.000000,0.000000,0.000000,0.000000,0.000000,0,-1,0,0
53405078,0.000000,0.000000,0.000000,0.000000,0.000000,0.000000,0,-1,0,0
53405099,0.000000,0.000000,0.000000,0.000000,0.000000,0.000000,0,-1,0,0
53405119,0.000000,0.000000,0.000000,0.000000,0.000000,0.000000,0,-1,0,0
53405140,0.000000,0.000000,0.000000,0.000000,0.000000,0.000000,0,-1,0,0
53405161,0.000000,0.000000,0.000000,0.000000,0.000000,0.000000,0,-1,0,0
53405182,0.000000,0.000000,0.000000,0.000000,0.000000,0.000000,0,-1,0,0
53405202,0.000000,0.000000,0.000000,0.000000,0.000000,0.000000,0,-1,0,0
53405223,0.000000,0.000000,0.000000,0.000000,0.000000,0.000000,0,-1,0,0
53405244,0.000000,0.000000,0.000000,0.000000,0.000000,0.000000,0,-1,0,0
53405264,0.000000,0.000000,0.000000,0.000000,0.000000,0.000000,0,-1,0,0
53405285,0.000000,0.000000,0.000000,0.000000,0.000000,0.000000,0,-1,0,0
53405306,0.000000,0.000000,0.000000,0.000000,0.000000,0.000000,0,-1,0,0
53405327,0.000000,0.000000,0.000000,0.000000,0.000000,0.000000,0,-1,0,0
53405347,0.000000,0.000000,0.000000,0.000000,0.000000,0.000000,0,-1,0,0
53405368,0.000000,0.000000,0.000000,0.000000,0.000000,0.000000,0,-1,0,0
53405389,0.000000,0.000000,0.000000,0.000000,0.000000,0.000000,0,-1,0,0
53405409,0.000000,0.000000,0.000000,0.000000,0.000000,0.000000,0,-1,0,0
53405430,0.000000,0.000000,0.000000,0.000000,0.000000,0.000000,0,-1,0,0
53405451,0.000000,0.000000,0.000000,0.000000,0.000000,0.000000,0,-1,0,0
53405472,0.000000,0.000000,0.000000,0.000000,0.000000,0.000000,0,-1,0,0
53405492,0.000000,0.000000,0.000000,0.000000,0.000000,0.000000,0,-1,0,0
53405513,0.000000,0.000000,0.000000,0.000000,0.000000,0.000000,0,-1,0,0
53405534,0.000000,0.000000,0.000000,0.000000,0.000000,0.000000,0,-1,0,0
53405554,0.000000,0.000000,0.000000,0.000000,0.000000,0.000000,0,-1,0,0
53405575,0.000000,0.000000,0.000000,0.000000,0.000000,0.000000,0,-1,0,0
53405596,0.000000,0.000000,0.000000,0.000000,0.000000,0.000000,0,-1,0,0
53405617,0.000000,0.000000,0.000000,0.000000,0.000000,0.000000,0,-1,0,0
53405637,0.000000,0.000000,0.000000,0.000000,0.000000,0.000000,0,-1,0,0
53405658,0.000000,0.000000,0.000000,0.000000,0.000000,0.000000,0,-1,0,0
53405679,0.000000,0.000000,0.000000,0.000000,0.000000,0.000000,0,-1,0,0
53405699,0.000000,0.000000,0.000000,0.000000,0.000000,0.000000,0,-1,0,0
53405720,0.000000,0.000000,0.000000,0.000000,0.000000,0.000000,0,-1,0,0
53405741,0.000000,0.000000,0.000000,0.000000,0.000000,0.000000,0,-1,0,0
53405761,0.000000,0.000000,0.000000,0.000000,0.000000,0.000000,0,-1,0,0
53405782,0.000000,0.000000,0.000000,0.000000,0.000000,0.000000,0,-1,0,0
53405803,0.000000,0.000000,0.000000,0.000000,0.000000,0.000000,0,-1,0,0
53405823,0.000000,0.000000,0.000000,0.000000,0.000000,0.000000,0,-1,0,0
53405844,0.000000,0.000000,0.000000,0.000000,0.000000,0.000000,0,-1,0,0
53405864,0.000000,0.000000,0.000000,0.000000,0.000000,0.000000,0,-1,0,0
53405885,0.000000,0.000000,0.000000,0.000000,0.000000,0.000000,0,-1,0,0
53405906,0.000000,0.000000,0.000000,0.000000,0.000000,0.000000,0,-1,0,0
53405926,0.000000,0.000000,0.000000,0.000000,0.000000,0.000000,0,-1,0,0
53405947,0.000000,0.000000,0.000000,0.000000,0.000000,0.000000,0,-1,0,0
53405968,0.000000,0.000000,0.000000,0.000000,0.000000,0.000000,0,-1,0,0
53405988,0.000000,0.000000,0.000000,0.000000,0.000000,0.000000,0,-1,0,0
53406009,0.000000,0.000000,0.000000,0.000000,0.000000,0.000000,0,-1,0,0
53406030,0.000000,0.000000,0.000000,0.000000,0.000000,0.000000,0,-1,0,0
53406050,0.000000,0.000000,0.000000,0.000000,0.000000,0.000000,0,-1,0,0
53406071,0.000000,0.000000,0.000000,0.000000,0.000000,0.000000,0,-1,0,0
53406091,0.000000,0.000000,0.000000,0.000000,0.000000,0.000000,0,-1,0,0
53406112,0.000000,0.000000,0.000000,0.000000,0.000000,0.000000,0,-1,0,0
53406133,0.000000,0.000000,0.000000,0.000000,0.000000,0.000000,0,-1,0,0
53406153,0.000000,0.000000,0.000000,0.000000,0.000000,0.000000,0,-1,0,0
53406174,0.000000,0.000000,0.000000,0.000000,0.000000,0.000000,0,-1,0,0
53406195,0.000000,0.000000,0.000000,0.000000,0.000000,0.000000,0,-1,0,0
53406215,0.000000,0.000000,0.000000,0.000000,0.000000,0.000000,0,-1,0,0
53406236,0.000000,0.000000,0.000000,0.000000,0.000000,0.000000,0,-1,0,0
53406256,0.000000,0.000000,0.000000,0.000000,0.000000,0.000000,0,-1,0,0
53406277,0.000000,0.000000,0.000000,0.000000,0.000000,0.000000,0,-1,0,0
53406298,0.000000,0.000000,0.000000,0.000000,0.000000,0.000000,0,-1,0,0
53406318,0.000000,0.000000,0.000000,0.000000,0.000000,0.000000,0,-1,0,0
53406339,0.000000,0.000000,0.000000,0.000000,0.000000,0.000000,0,-1,0,0
53406360,0.000000,0.000000,0.000000,0.000000,0.000000,0.000000,0,-1,0,0
53406380,0.000000,0.000000,0.000000,0.000000,0.000000,0.000000,0,-1,0,0
53406401,0.000000,0.000000,0.000000,0.000000,0.000000,0.000000,0,-1,0,0
53406421,0.000000,0.000000,0.000000,0.000000,0.000000,0.000000,0,-1,0,0
53406442,0.000000,0.000000,0.000000,0.000000,0.000000,0.000000,0,-1,0,0
53406463,0.000000,0.000000,0.000000,0.000000,0.000000,0.000000,0,-1,0,0
53406483,0.000000,0.000000,0.000000,0.000000,0.000000,0.000000,0,-1,0,0
53406504,0.000000,0.000000,0.000000,0.000000,0.000000,0.000000,0,-1,0,0
53406525,0.000000,0.000000,0.000000,0.000000,0.000000,0.000000,0,-1,0,0
53406546,0.000000,0.000000,0.000000,0.000000,0.000000,0.000000,0,-1,0,0
53406566,0.000000,0.000000,0.000000,0.000000,0.000000,0.000000,0,-1,0,0
53406587,0.000000,0.000000,0.000000,0.000000,0.000000,0.000000,0,-1,0,0
53406608,0.000000,0.000000,0.000000,0.000000,0.000000,0.000000,0,-1,0,0
53406628,0.000000,0.000000,0.000000,0.000000,0.000000,0.000000,0,-1,0,0
53406649,0.000000,0.000000,0.000000,0.000000,0.000000,0.000000,0,-1,0,0
53406670,0.000000,0.000000,0.000000,0.000000,0.000000,0.000000,0,-1,0,0
53406691,0.000000,0.000000,0.000000,0.000000,0.000000,0.000000,0,-1,0,0
53406711,0.000000,0.000000,0.000000,0.000000,0.000000,0.000000,0,-1,0,0
53406732,0.000000,0.000000,0.000000,0.000000,0.000000,0.000000,0,-1,0,0
53406753,0.000000,0.000000,0.000000,0.000000,0.000000,0.000000,0,-1,0,0
53406773,0.000000,0.000000,0.000000,0.000000,0.000000,0.000000,0,-1,0,0
53406794,0.000000,0.000000,0.000000,0.000000,0.000000,0.000000,0,-1,0,0
53406815,0.000000,0.000000,0.000000,0.000000,0.000000,0.000000,0,-1,0,0
53406836,0.000000,0.000000,0.000000,0.000000,0.000000,0.000000,0,-1,0,0
53406856,0.000000,0.000000,0.000000,0.000000,0.000000,0.000000,0,-1,0,0
53406877,0.000000,0.000000,0.000000,0.000000,0.000000,0.000000,0,-1,0,0
53406898,0.000000,0.000000,0.000000,0.000000,0.000000,0.000000,0,-1,0,0
53406918,0.000000,0.000000,0.000000,0.000000,0.000000,0.000000,0,-1,0,0
53406939,0.000000,0.000000,0.000000,0.000000,0.000000,0.000000,0,-1,0,0
53406960,0.000000,0.000000,0.000000,0.000000,0.000000,0.000000,0,-1,0,0
53406981,0.000000,0.000000,0.000000,0.000000,0.000000,0.000000,0,-1,0,0
53407001,0.000000,0.000000,0.000000,0.000000,0.000000,0.000000,0,-1,0,0
53407022,0.000000,0.000000,0.000000,0.000000,0.000000,0.000000,0,-1,0,0
53407043,0.000000,0.000000,0.000000,0.000000,0.000000,0.000000,0,-1,0,0
53407063,0.000000,0.000000,0.000000,0.000000,0.000000,0.000000,0,-1,0,0
53407084,0.000000,0.000000,0.000000,0.000000,0.000000,0.000000,0,-1,0,0
53407104,0.000000,0.000000,0.000000,0.000000,0.000000,0.000000,0,-1,0,0
53407125,0.000000,0.000000,0.000000,0.000000,0.000000,0.000000,0,-1,0,0
53407146,0.000000,0.000000,0.000000,0.000000,0.000000,0.000000,0,-1,0,0
53407166,0.000000,0.000000,0.000000,0.000000,0.000000,0.000000,0,-1,0,0
53407187,0.000000,0.000000,0.000000,0.000000,0.000000,0.000000,0,-1,0,0
53407207,0.000000,0.000000,0.000000,0.000000,0.000000,0.000000,0,-1,0,0
53407228,0.000000,0.000000,0.000000,0.000000,0.000000,0.000000,0,-1,0,0
53407249,0.000000,0.000000,0.000000,0.000000,0.000000,0.000000,0,-1,0,0
53407269,0.000000,0.000000,0.000000,0.000000,0.000000,0.000000,0,-1,0,0
53407290,0.000000,0.000000,0.000000,0.000000,0.000000,0.000000,0,-1,0,0
53407311,0.000000,0.000000,0.000000,0.000000,0.000000,0.000000,0,-1,0,0
53407331,0.000000,0.000000,0.000000,0.000000,0.000000,0.000000,0,-1,0,0
53407352,0.000000,0.000000,0.000000,0.000000,0.000000,0.000000,0,-1,0,0
53407372,0.000000,0.000000,0.000000,0.000000,0.000000,0.000000,0,-1,0,0
53407393,0.000000,0.000000,0.000000,0.000000,0.000000,0.000000,0,-1,0,0
53407414,0.000000,0.000000,0.000000,0.000000,0.000000,0.000000,0,-1,0,0
53407434,0.000000,0.000000,0.000000,0.000000,0.000000,0.000000,0,-1,0,0
53407455,0.000000,0.000000,0.000000,0.000000,0.000000,0.000000,0,-1,0,0
53407476,0.000000,0.000000,0.000000,0.000000,0.000000,0.000000,0,-1,0,0
53407496,0.000000,0.000000,0.000000,0.000000,0.000000,0.000000,0,-1,0,0
53407517,0.000000,0.000000,0.000000,0.000000,0.000000,0.000000,0,-1,0,0
53407537,0.000000,0.000000,0.000000,0.000000,0.000000,0.000000,0,-1,0,0
53407558,0.000000,0.000000,0.000000,0.000000,0.000000,0.000000,0,-1,0,0
53407579,0.000000,0.000000,0.000000,0.000000,0.000000,0.000000,0,-1,0,0
53407599,0.000000,0.000000,0.000000,0.000000,0.000000,0.000000,0,-1,0,0
53407620,0.000000,0.000000,0.000000,0.000000,0.000000,0.000000,0,-1,0,0
53407641,0.000000,0.000000,0.000000,0.000000,0.000000,0.000000,0,-1,0,0
53407661,0.000000,0.000000,0.000000,0.000000,0.000000,0.000000,0,-1,0,0
53407682,0.000000,0.000000,0.000000,0.000000,0.000000,0.000000,0,-1,0,0
53407702,0.000000,0.000000,0.000000,0.000000,0.000000,0.000000,0,-1,0,0
53407723,0.000000,0.000000,0.000000,0.000000,0.000000,0.000000,0,-1,0,0
53407744,0.000000,0.000000,0.000000,0.000000,0.000000,0.000000,0,-1,0,0
53407764,0.000000,0.000000,0.000000,0.000000,0.000000,0.000000,0,-1,0,0
53407785,0.000000,0.000000,0.000000,0.000000,0.000000,0.000000,0,-1,0,0
53407806,0.000000,0.000000,0.000000,0.000000,0.000000,0.000000,0,-1,0,0
53407826,0.000000,0.000000,0.000000,0.000000,0.000000,0.000000,0,-1,0,0
53407847,0.000000,0.000000,0.000000,0.000000,0.000000,0.000000,0,-1,0,0
53407867,0.000000,0.000000,0.000000,0.000000,0.000000,0.000000,0,-1,0,0
53407888,0.000000,0.000000,0.000000,0.000000,0.000000,0.000000,0,-1,0,0
53407909,0.000000,0.000000,0.000000,0.000000,0.000000,0.000000,0,-1,0,0
53407929,0.000000,0.000000,0.000000,0.000000,0.000000,0.000000,0,-1,0,0
53407950,0.000000,0.000000,0.000000,0.000000,0.000000,0.000000,0,-1,0,0
53407971,0.000000,0.000000,0.000000,0.000000,0.000000,0.000000,0,-1,0,0
53407991,0.000000,0.000000,0.000000,0.000000,0.000000,0.000000,0,-1,0,0
53408012,0.000000,0.000000,0.000000,0.000000,0.000000,0.000000,0,-1,0,0
53408032,0.000000,0.000000,0.000000,0.000000,0.000000,0.000000,0,-1,0,0
53408053,0.000000,0.000000,0.000000,0.000000,0.000000,0.000000,0,-1,0,0
53408074,0.000000,0.000000,0.000000,0.000000,0.000000,0.000000,0,-1,0,0
53408094,0.000000,0.000000,0.000000,0.000000,0.000000,0.000000,0,-1,0,0
53408115,0.000000,0.000000,0.000000,0.000000,0.000000,0.000000,0,-1,0,0
53408136,0.000000,0.000000,0.000000,0.000000,0.000000,0.000000,0,-1,0,0
53408156,0.000000,0.000000,0.000000,0.000000,0.000000,0.000000,0,-1,0,0
53408177,0.000000,0.000000,0.000000,0.000000,0.000000,0.000000,0,-1,0,0
53408197,0.000000,0.000000,0.000000,0.000000,0.000000,0.000000,0,-1,0,0
53408218,0.000000,0.000000,0.000000,0.000000,0.000000,0.000000,0,-1,1,0
53408239,0.000000,0.000000,0.000000,0.000000,0.000000,0.000000,0,-1,1,0
53408259,0.000000,0.000000,0.000000,0.000000,0.000000,0.000000,0,-1,1,0
53408280,0.000000,0.000000,0.000000,0.000000,0.000000,0.000000,0,-1,1,0
53408300,0.000000,0.000000,0.000000,0.000000,0.000000,0.000000,0,-1,1,0
53408321,0.000000,0.000000,0.000000,0.000000,0.000000,0.000000,0,-1,1,0
53408342,0.000000,0.000000,0.000000,0.000000,0.000000,0.000000,0,-1,1,0
53408362,0.000000,0.000000,0.000000,0.000000,0.000000,0.000000,0,-1,1,0
53408383,0.000000,0.000000,0.000000,0.000000,0.000000,0.000000,0,-1,1,0
53408403,0.000000,0.000000,0.000000,0.000000,0.000000,0.000000,0,-1,1,0
53408424,0.000000,0.000000,0.000000,0.000000,0.000000,0.000000,0,-1,1,0
53408445,0.000000,0.000000,0.000000,0.000000,0.000000,0.000000,0,-1,1,0
53408465,0.000000,0.000000,0.000000,0.000000,0.000000,0.000000,0,-1,1,0
53408486,0.000000,0.000000,0.000000,0.000000,0.000000,0.000000,0,-1,1,0
53408506,0.000000,0.000000,0.000000,0.000000,0.000000,0.000000,0,-1,1,0
53408527,0.000000,0.000000,0.000000,0.000000,0.000000,0.000000,0,-1,1,0
53408548,0.000000,0.000000,0.000000,0.000000,0.000000,0.000000,0,-1,1,0
53408568,0.000000,0.000000,0.000000,0.000000,0.000000,0.000000,0,-1,1,0
53408589,0.000000,0.000000,0.000000,0.000000,0.000000,0.000000,0,-1,1,0
53408609,0.000000,0.000000,0.000000,0.000000,0.000000,0.000000,0,-1,1,0
53408630,0.000000,0.000000,0.000000,0.000000,0.000000,0.000000,0,-1,1,0
53408650,0.000000,0.000000,0.000000,0.000000,0.000000,0.000000,0,-1,1,0
53408671,0.000000,0.000000,0.000000,0.000000,0.000000,0.000000,0,-1,1,0
53408691,0.000000,0.000000,0.000000,0.000000,0.000000,0.000000,0,-1,1,0
53408712,0.000000,0.000000,0.000000,0.000000,0.000000,0.000000,0,-1,1,0
53408733,0.000000,0.000000,0.000000,0.000000,0.000000,0.000000,0,-1,1,0
53408753,0.000000,0.000000,0.000000,0.000000,0.000000,0.000000,0,-1,1,0
53408774,0.000000,0.000000,0.000000,0.000000,0.000000,0.000000,0,-1,1,0
53408794,0.000000,0.000000,0.000000,0.000000,0.000000,0.000000,0,-1,1,0
53408815,0.000000,0.000000,0.000000,0.000000,0.000000,0.000000,0,-1,1,0
53408835,0.000000,0.000000,0.000000,0.000000,0.000000,0.000000,0,-1,1,0
53408856,0.000000,0.000000,0.000000,0.000000,0.000000,0.000000,0,-1,1,0
53408876,0.000000,0.000000,0.000000,0.000000,0.000000,0.000000,0,-1,1,0
53408897,0.000000,0.000000,0.000000,0.000000,0.000000,0.000000,0,-1,1,0
53408918,0.000000,0.000000,0.000000,0.000000,0.000000,0.000000,0,-1,1,0
53408938,0.000000,0.000000,0.000000,0.000000,0.000000,0.000000,0,-1,1,0
53408959,0.000000,0.000000,0.000000,0.000000,0.000000,0.000000,0,-1,1,0
53408979,0.000000,0.000000,0.000000,0.000000,0.000000,0.000000,0,-1,1,0
53409000,0.000000,0.000000,0.000000,0.000000,0.000000,0.000000,0,-1,1,0
53409020,0.000000,0.000000,0.000000,0.000000,0.000000,0.000000,0,-1,1,0
53409041,0.000000,0.000000,0.000000,0.000000,0.000000,0.000000,0,-1,1,0
53409061,0.000000,0.000000,0.000000,0.000000,0.000000,0.000000,0,-1,1,0
53409082,0.000000,0.000000,0.000000,0.000000,0.000000,0.000000,0,-1,1,0
53409102,0.000000,0.000000,0.000000,0.000000,0.000000,0.000000,0,-1,1,0
53409123,0.000000,0.000000,0.000000,0.000000,0.000000,0.000000,0,-1,1,0
53409144,0.000000,0.000000,0.000000,0.000000,0.000000,0.000000,0,-1,1,0
53409164,0.000000,0.000000,0.000000,0.000000,0.000000,0.000000,0,-1,1,0
53409185,0.000000,0.000000,0.000000,0.000000,0.000000,0.000000,0,-1,1,0
53409205,0.000000,0.000000,0.000000,0.000000,0.000000,0.000000,0,-1,1,0
53409226,0.000000,0.000000,0.000000,0.000000,0.000000,0.000000,0,-1,1,0
53409246,0.000000,0.000000,0.000000,0.000000,0.000000,0.000000,0,-1,1,0
53409267,0.000000,0.000000,0.000000,0.000000,0.000000,0.000000,0,-1,1,0
53409288,0.000000,0.000000,0.000000,0.000000,0.000000,0.000000,0,-1,1,0
53409308,0.000000,0.000000,0.000000,0.000000,0.000000,0.000000,0,-1,1,0
53409329,0.000000,0.000000,0.000000,0.000000,0.000000,0.000000,0,-1,1,0
53409350,0.000000,0.000000,0.000000,0.000000,0.000000,0.000000,0,-1,1,0
53409370,0.000000,0.000000,0.000000,0.000000,0.000000,0.000000,0,-1,1,0
53409391,0.000000,0.000000,0.000000,0.000000,0.000000,0.000000,0,-1,1,0
53409411,0.000000,0.000000,0.000000,0.000000,0.000000,0.000000,0,-1,1,0
53409432,0.000000,0.000000,0.000000,0.000000,0.000000,0.000000,0,-1,1,0
53409452,0.000000,0.000000,0.000000,0.000000,0.000000,0.000000,0,-1,1,0
53409473,0.000000,0.000000,0.000000,0.000000,0.000000,0.000000,0,-1,1,0
53409494,0.000000,0.000000,0.000000,0.000000,0.000000,0.000000,0,-1,1,0
53409514,0.000000,0.000000,0.000000,0.000000,0.000000,0.000000,0,-1,1,0
53409535,0.000000,0.000000,0.000000,0.000000,0.000000,0.000000,0,-1,1,0
53409556,0.000000,0.000000,0.000000,0.000000,0.000000,0.000000,0,-1,1,0
53409576,0.000000,0.000000,0.000000,0.000000,0.000000,0.000000,0,-1,1,0
53409597,0.000000,0.000000,0.000000,0.000000,0.000000,0.000000,0,-1,1,0
53409617,0.000000,0.000000,0.000000,0.000000,0.000000,0.000000,0,-1,1,0
53409638,0.000000,0.000000,0.000000,0.000000,0.000000,0.000000,0,-1,1,0
53409658,0.000000,0.000000,0.000000,0.000000,0.000000,0.000000,0,-1,1,0
53409679,0.000000,0.000000,0.000000,0.000000,0.000000,0.000000,0,-1,1,0
53409699,0.000000,0.000000,0.000000,0.000000,0.000000,0.000000,0,-1,1,0
53409720,240.000168,0.000000,240.000168,240.000168,-0.629689,-0.009769,4,2,1,1
53409741,240.000168,0.000000,240.000168,240.000168,-0.629689,-0.009769,14,2,1,1
53409761,240.000168,0.000000,240.000168,240.000168,-0.629689,-0.009769,24,2,1,1
53409782,240.000168,0.000000,240.000168,240.000168,-0.629689,-0.009769,34,2,1,1
53409802,240.000168,0.000000,240.000168,240.000168,-0.629689,-0.009769,44,2,1,1
53409823,240.000168,0.000000,240.000168,240.000168,-1.888848,-0.009769,54,2,1,1
53409844,240.000168,0.000000,240.000168,240.000168,-0.629689,-0.009769,64,2,1,1
53409865,240.000168,0.000000,240.000168,240.000168,0.629689,-0.009769,74,2,1,1
53409885,240.000168,0.000000,240.000168,240.000168,-0.629689,-0.009769,84,1,1,1
53409906,240.000168,0.000000,240.000168,240.000168,-0.629689,-0.009769,94,2,1,1
53409927,240.000168,0.000000,240.000168,240.000168,-0.629689,-0.009769,104,2,1,1
53409947,240.000168,0.000000,240.000168,240.000168,-0.629689,-0.009769,114,2,1,1
53409968,240.000168,0.000000,240.000168,240.000168,-0.629689,-0.009769,124,2,1,1
53409989,240.000168,0.000000,240.000168,240.000168,-0.629689,-0.009769,134,2,1,1
53410010,240.000168,0.000000,240.000168,240.000168,-0.629689,-0.009769,144,2,1,1
53410031,240.000168,0.000000,240.000168,240.000168,-0.629689,-0.009769,154,2,1,1
53410051,240.000168,0.000000,240.000168,240.000168,-0.629689,-0.009769,164,2,1,1
53410072,240.000168,0.000000,240.000168,240.000168,-0.629689,-0.009769,174,2,1,1
53410093,240.000168,0.000000,240.000168,240.000168,-1.888848,-0.009769,184,2,1,1
53410113,240.000168,0.000000,240.000168,240.000168,-0.629689,-0.009769,194,2,1,1
53410134,240.000168,0.000000,240.000168,240.000168,-0.629689,-0.009769,204,2,1,1
53410155,240.000168,0.000000,240.000168,240.000168,-0.629689,-0.009769,214,2,1,1
53410175,240.000168,0.000000,240.000168,240.000168,-0.629689,-0.009769,224,2,1,1
53410196,240.000168,0.000000,240.000168,240.000168,-0.629689,-0.009769,234,2,1,1
53410217,240.000168,0.000000,240.000168,240.000168,-0.629689,-0.009769,244,2,1,1
53410237,240.000168,0.000000,240.000168,240.000168,-0.629689,-0.009769,254,2,1,1
53410258,240.000168,0.000000,240.000168,240.000168,-0.629689,-0.009769,264,2,1,1
53410278,240.000168,0.000000,240.000168,240.000168,-0.629689,-0.009769,274,1,1,1
53410299,240.000168,0.000000,240.000168,240.000168,-0.629689,-0.009769,284,2,1,1
53410320,240.000168,0.000000,240.000168,240.000168,-0.629689,-0.009769,294,2,1,1
53410340,240.000168,0.000000,240.000168,240.000168,-0.629689,-0.009769,304,2,1,1
53410361,240.000168,0.000000,240.000168,240.000168,-0.629689,-0.009769,314,2,1,1
53410381,240.000168,0.000000,240.000168,240.000168,-0.629689,-0.009769,324,2,1,1
53410402,240.000168,0.000000,240.000168,240.000168,-0.629689,-0.009769,334,2,1,1
53410422,240.000168,0.000000,240.000168,240.000168,-0.629689,-0.009769,344,1,1,1
53410443,240.000168,0.000000,240.000168,240.000168,-0.629689,-0.009769,354,2,1,1
53410464,240.000168,0.000000,240.000168,240.000168,-1.888848,-0.009769,364,2,1,1
53410485,240.000168,0.000000,240.000168,240.000168,-0.629689,-0.009769,374,2,1,1
53410506,240.000168,0.000000,240.000168,240.000168,-0.629689,-0.009769,384,2,1,1
53410526,240.000168,0.000000,240.000168,240.000168,-0.629689,-0.009769,394,1,1,1
53410547,240.000168,0.000000,240.000168,240.000168,-0.629689,-0.009769,404,2,1,1
53410568,240.000168,0.000000,240.000168,240.000168,-0.629689,-0.009769,414,2,1,1
53410588,238.833771,-129.600006,4.600000,239.912628,-6.925921,-0.048840,424,2,1,1
53410609,234.524582,-280.800049,7.400000,239.497345,-19.518385,-0.126984,434,2,1,1
53410630,227.403763,-360.000000,7.400000,239.125793,-18.259008,-0.244202,444,2,1,1
53410651,219.843796,-360.000000,7.400000,238.863510,-15.740689,-0.341881,454,2,1,1
53410672,212.283813,-360.000000,10.200000,238.448227,-15.740689,-0.498169,464,2,1,1
53410693,204.723846,-360.000000,10.200000,238.317093,-6.925921,-0.615383,474,2,1,1
53410714,197.163849,-360.000000,10.200000,238.229660,-4.407384,-0.732601,484,2,1,1
53410734,189.963867,-360.000000,10.200000,238.142242,-4.407384,-0.849815,494,2,1,1
53410755,182.403900,-360.000000,10.200000,238.076675,-3.148225,-0.908424,504,2,1,1
53410776,174.843918,-360.000000,10.200000,238.054810,-1.888848,-0.908424,514,2,1,1
53410797,167.283951,-360.000000,10.200000,238.032959,-0.629689,-0.908424,524,2,1,1
53410818,159.723953,-360.000000,10.200000,238.032959,-1.888848,-0.908424,534,2,1,1
53410838,152.523987,-360.000000,10.200000,238.011108,-1.888848,-0.908424,544,2,1,1
53410859,144.964005,-360.000000,10.200000,238.011108,-0.629689,-0.908424,554,2,1,1
53410880,137.404022,-360.000000,10.200000,238.011108,-0.629689,-0.908424,564,2,1,1
53410900,130.204041,-360.000000,10.200000,237.989243,-0.629689,-0.908424,574,1,1,1
53410921,122.644066,-360.000000,10.200000,237.989243,-1.888848,-0.908424,584,2,1,1
53410942,115.084076,-360.000000,16.600000,237.989243,-0.629689,-0.908424,594,2,1,1
53410963,107.524101,-360.000000,26.799997,237.989243,-0.629689,-0.908424,604,2,1,1
53410984,99.964119,-360.000000,33.200001,237.989243,-0.629689,-0.908424,614,2,1,1
53411004,92.764145,-360.000000,36.000000,237.967392,-1.888848,-0.908424,624,1,1,1
53411025,85.204163,-360.000000,36.900002,237.967392,-0.629689,-0.908424,634,2,1,1
53411046,77.644180,-360.000000,40.599998,237.967392,-0.629689,-0.908424,644,2,1,1
53411067,70.503250,-309.967865,47.099998,237.967392,-0.629689,-0.908424,654,2,1,1
53411088,65.175262,-199.473648,56.299999,237.967392,-0.629689,-0.908424,664,2,1,1
53411109,62.330418,-77.695366,65.499992,237.967392,-0.629689,-0.908424,674,2,1,1
53411130,61.784256,13.829349,70.199989,237.945526,-1.888848,-0.908424,684,2,1,1
53411151,62.719494,67.315125,73.800003,237.967392,-0.629689,-0.908424,694,2,1,1
53411172,64.390060,86.810303,73.800003,237.945526,-1.888848,-0.908424,704,2,1,1
53411193,66.218033,85.018364,73.800003,237.967392,-0.629689,-0.908424,714,2,1,1
53411214,68.333817,110.122665,80.300003,237.945526,-0.629689,-0.908424,724,2,1,1
53411235,70.966675,137.704956,90.500000,237.945526,-0.629689,-0.908424,734,2,1,1
53411256,74.174484,160.288574,90.500000,237.945526,-0.629689,-0.908424,744,2,1,1
53411277,77.479485,151.188797,90.500000,237.945526,-0.629689,-0.908424,754,2,1,1
53411298,80.437752,129.479340,90.500000,237.945526,-0.629689,-0.908424,764,2,1,1
53411319,82.898407,104.878487,90.500000,237.945526,-0.629689,-0.908424,774,2,1,1
53411340,84.854836,81.922325,90.500000,237.945526,-0.629689,-0.908424,784,2,1,1
53411361,86.363457,62.376087,90.500000,237.945526,-0.629689,-0.908424,794,2,1,1
53411382,87.501305,46.600956,90.500000,237.945526,-0.629689,-0.908424,804,2,1,1
53411403,88.345261,34.309254,90.500000,237.945526,-0.629689,-0.908424,814,2,1,1
53411424,88.963066,24.967113,90.500000,237.945526,-0.629689,-0.908424,824,2,1,1
53411445,89.410561,17.997210,90.500000,237.945526,-1.888848,-0.908424,834,2,1,1
53411466,89.731903,12.871267,90.500000,237.945526,-0.629689,-0.908424,844,2,1,1
53411487,89.960991,9.144276,90.500000,237.945526,-0.629689,-0.908424,854,2,1,1
53411508,90.123283,6.459676,90.500000,237.945526,-1.888848,-0.908424,864,2,1,1
53411529,90.237656,4.540879,90.500000,237.945526,-0.629689,-0.908424,874,2,1,1
53411550,90.317902,3.178372,90.500000,237.945526,-0.629689,-0.908424,884,2,1,1
53411571,90.373970,2.216240,90.500000,237.945526,-0.629689,-0.908424,894,2,1,1
53411592,90.413002,1.540160,90.500000,237.945526,-0.629689,-0.908424,904,2,1,1
53411613,90.440086,1.067133,90.500000,237.945526,-0.629689,-0.908424,914,2,1,1
53411634,90.458817,0.737418,90.500000,237.945526,-0.629689,-0.908424,924,2,1,1
53411655,90.471764,0.508318,90.500000,237.945526,-0.629689,-0.908424,934,2,1,1
53411676,90.480659,0.349617,90.500000,237.945526,-0.629689,-0.908424,944,2,1,1
53411697,90.486778,0.239988,90.500000,237.945526,-0.629689,-0.908424,954,2,1,1
53411718,90.490990,0.164411,90.500000,237.945526,-0.629689,-0.908424,964,2,1,1
53411739,90.521584,13.700769,99.699997,237.945526,-0.629689,-0.908424,974,2,1,1
53411760,91.344345,65.481583,106.199997,237.923676,-0.629689,-0.908424,984,2,1,1
53411781,93.264183,117.730423,113.500000,237.945526,-0.629689,-0.908424,994,2,1,1
53411802,96.243248,156.554306,113.500000,237.945526,-0.629689,-0.908424,1004,2,1,1
53411823,99.558998,154.905685,113.500000,237.923676,-0.629689,-0.908424,1014,2,1,1
53411844,102.633011,138.820160,117.199997,237.945526,-0.629689,-0.908424,1024,2,1,1
53411865,105.526848,136.145660,120.900002,237.945526,0.629689,-0.908424,1034,2,1,1
53411886,108.454414,146.332672,127.400002,237.945526,-0.629689,-0.908424,1044,2,1,1
53411907,111.755028,165.399155,130.199997,237.945526,-0.629689,-0.908424,1054,2,1,1
53411928,115.321205,178.222946,135.699997,237.945526,-0.629689,-0.908424,1064,2,1,1
53411949,119.169846,187.210678,138.500000,237.923676,-0.629689,-0.908424,1074,2,1,1
53411969,122.893578,186.830933,142.199997,237.923676,-0.629689,-0.908424,1084,2,1,1
53411990,126.764404,177.756424,142.199997,237.923676,-1.888848,-0.908424,1094,2,1,1
53412011,130.250992,152.933289,142.199997,237.923676,-0.629689,-0.908424,1104,2,1,1
53412031,133.036758,125.585876,142.199997,237.923676,-0.629689,-0.908424,1114,2,1,1
53412052,135.483047,110.434441,144.899979,237.923676,-0.629689,-0.908424,1124,2,1,1
53412073,137.679169,98.415588,145.800003,237.923676,-0.629689,-0.908424,1134,2,1,1
53412094,139.710312,95.878242,148.600006,237.945526,0.629689,-0.908424,1144,2,1,1
53412115,141.757874,99.154945,151.399994,237.923676,-0.629689,-0.908424,1154,2,1,1
53412136,144.080795,119.590958,156.899994,237.923676,-0.629689,-0.908424,1164,2,1,1
53412157,146.746689,130.880585,159.699997,237.923676,-0.629689,-0.908424,1174,2,1,1
53412178,149.607437,136.824097,162.500000,237.923676,-0.629689,-0.908424,1184,2,1,1
53412198,152.464676,146.085052,168.899994,237.923676,-0.629689,-0.908424,1194,1,1,1
53412219,155.585205,150.687103,174.500000,237.923676,-0.629689,-0.908424,1204,2,1,1
53412240,158.931549,162.513565,175.399994,237.923676,-0.629689,-0.908424,1214,2,1,1
53412261,162.285187,156.082916,177.199997,237.923676,-0.629689,-0.908424,1224,2,1,1
53412281,165.306671,148.222504,180.899994,237.923676,-0.629689,-0.908424,1234,2,1,1
53412302,168.404556,146.685135,183.699997,237.923676,-0.629689,-0.908424,1244,2,1,1
53412322,171.312241,141.019348,183.699997,237.923676,-0.629689,-0.908424,1254,1,1,1
53412343,174.087753,122.111771,183.699997,237.923676,-1.888848,-0.908424,1264,2,1,1
53412364,176.416611,99.587173,183.699997,237.923676,-0.629689,-0.908424,1274,2,1,1
53412384,178.200043,79.110832,183.699997,237.923676,-0.629689,-0.908424,1284,1,1,1
53412405,179.660126,60.503269,183.699997,237.923676,-0.629689,-0.908424,1294,2,1,1
53412426,180.765656,45.353680,183.699997,237.923676,-0.629689,-0.908424,1304,2,1,1
53412446,181.554352,33.976383,183.699997,237.923676,-0.629689,-0.888889,1314,2,1,1
53412467,182.166946,24.790178,183.699997,237.923676,-0.629689,-0.908424,1324,2,1,1
53412488,182.476151,-5.044332,177.199997,237.923676,-0.629689,-0.908424,1334,2,1,1
53412508,181.858688,-72.571022,164.300003,237.923676,-0.629689,-0.908424,1344,2,1,1
53412529,179.617493,-136.687073,160.600006,237.923676,-0.629689,-0.908424,1354,2,1,1
53412550,176.117416,-205.168457,148.600006,237.923676,-0.629689,-0.908424,1364,2,1,1
53412570,171.651901,-233.482117,147.699997,237.923676,-0.629689,-0.908424,1374,2,1,1
53412591,166.826233,-221.174179,147.699997,237.923676,-0.629689,-0.908424,1384,2,1,1
53412611,162.683990,-191.520645,147.699997,237.923676,-0.629689,-0.908424,1394,1,1,1
53412632,159.037567,-155.685715,147.699997,237.923676,-0.629689,-0.908424,1404,2,1,1
53412653,156.129791,-121.903870,147.699997,237.923676,-0.629689,-0.908424,1414,2,1,1
53412674,153.624496,-116.890236,143.100006,237.923676,-0.629689,-0.908424,1424,2,1,1
53412694,151.174667,-126.558723,138.500000,237.923676,-0.629689,-0.908424,1434,2,1,1
53412715,148.113266,-161.324966,130.199997,237.923676,-0.629689,-0.908424,1444,2,1,1
53412735,144.559357,-186.151108,125.499992,237.923676,0.629689,-0.908424,1454,1,1,1
53412756,140.286331,-211.458939,119.099998,237.923676,-0.629689,-0.908424,1464,2,1,1
53412777,135.641983,-222.906769,114.500000,237.923676,-0.629689,-0.908424,1474,2,1,1
53412797,131.234390,-214.600342,110.799995,237.923676,-0.629689,-0.908424,1484,2,1,1
53412818,126.898338,-200.943802,102.500000,237.923676,-0.629689,-0.908424,1494,2,1,1
53412839,122.481293,-221.922684,88.599998,237.923676,-0.629689,-0.908424,1504,2,1,1
53412859,117.388504,-287.344910,77.499992,237.923676,-0.629689,-0.908424,1514,2,1,1
53412880,110.745010,-333.649567,74.800003,237.923676,-0.629689,-0.908424,1524,2,1,1
53412901,103.734146,-325.539795,74.800003,237.923676,-0.629689,-0.908424,1534,2,1,1
53412921,97.589165,-286.091583,74.800003,237.923676,-0.629689,-0.908424,1544,2,1,1
53412942,92.114998,-234.803879,74.800003,237.923676,-1.888848,-0.908424,1554,2,1,1
53412962,87.803421,-205.628769,69.199997,237.923676,-0.629689,-0.888889,1564,1,1,1
53412983,83.688660,-186.934387,67.400002,237.923676,-0.629689,-0.908424,1574,2,1,1
53413004,79.938751,-172.366074,64.599998,237.923676,-0.629689,-0.908424,1584,2,1,1
53413024,76.411697,-193.492371,53.500000,237.923676,-0.629689,-0.908424,1594,2,1,1
53413045,72.207741,-200.194427,53.500000,237.923676,-0.629689,-0.908424,1604,2,1,1
53413066,68.192459,-179.544159,53.500000,237.923676,-0.629689,-0.908424,1614,2,1,1
53413087,64.730873,-149.512741,53.500000,237.923676,-0.629689,-0.908424,1624,2,1,1
53413107,62.035130,-120.359016,53.500000,237.923676,-0.629689,-0.908424,1634,2,1,1
53413128,59.802540,-92.974052,53.500000,237.923676,-0.629689,-0.908424,1644,2,1,1
53413149,58.097363,-70.215904,53.500000,237.923676,-0.629689,-0.908424,1654,2,1,1
53413169,56.872978,-52.893719,53.500000,237.923676,-0.629689,-0.908424,1664,2,1,1
53413190,55.917118,-38.773014,53.500000,237.901825,-1.888848,-0.908424,1674,2,1,1
53413211,55.220139,-28.116226,53.500000,237.923676,-0.629689,-0.908424,1684,2,1,1
53413232,54.716904,-20.208364,53.500000,237.901825,-0.629689,-0.908424,1694,2,1,1
53413252,54.371048,-14.653276,53.500000,237.923676,-0.629689,-0.908424,1704,2,1,1
53413273,54.110485,-10.391584,53.500000,237.923676,-0.629689,-0.908424,1714,2,1,1
53413294,53.926178,-7.329407,53.500000,237.923676,0.629689,-0.908424,1724,2,1,1
53413314,53.801674,-5.233207,53.500000,237.923676,-0.629689,-0.908424,1734,2,1,1
53413335,53.709240,-3.659254,53.500000,237.923676,-0.629689,-0.908424,1744,2,1,1
53413356,53.644730,-2.549324,53.500000,237.923676,-0.629689,-0.908424,1754,2,1,1
53413376,53.601631,-1.801404,53.500000,237.923676,-0.629689,-0.908424,1764,2,1,1
53413397,53.569962,-1.247409,53.500000,237.923676,-0.629689,-0.908424,1774,2,1,1
53413417,53.548931,-0.876865,53.500000,237.923676,-0.629689,-0.908424,1784,1,1,1
53413438,53.533546,-0.604196,53.500000,237.923676,-0.629689,-0.908424,1794,2,1,1
53413459,53.522964,-0.415428,53.500000,237.923676,-0.629689,-0.908424,1804,2,1,1
53413479,53.515984,-0.290235,53.500000,237.923676,-0.629689,-0.908424,1814,1,1,1
53413500,53.510910,-0.198821,53.500000,237.923676,-0.629689,-0.908424,1824,2,1,1
53413521,53.507435,-0.135986,53.500000,237.923676,-0.629689,-0.908424,1834,2,1,1
53413542,53.505066,-0.092888,53.500000,237.923676,-0.629689,-0.908424,1844,2,1,1
53413563,53.503445,-0.063367,53.500000,237.923676,-0.629689,-0.908424,1854,2,1,1
53413584,53.502342,-0.043181,53.500000,237.923676,-0.629689,-0.908424,1864,2,1,1
53413605,53.501587,-0.029388,53.500000,237.923676,-0.629689,-0.908424,1874,2,1,1
53413626,53.640476,38.197941,69.199997,237.923676,-0.629689,-0.908424,1884,2,1,1
53413647,55.302105,132.170959,96.000000,237.923676,-0.629689,-0.908424,1894,2,1,1
53413667,59.383156,275.907806,131.099991,237.923676,-0.629689,-0.908424,1904,2,1,1
53413688,66.448845,360.000000,145.800003,237.923676,-0.629689,-0.908424,1914,2,1,1
53413709,74.008827,360.000000,173.500000,237.923676,-0.629689,-0.908424,1924,2,1,1
53413730,81.568810,360.000000,183.699997,237.923676,-0.629689,-0.908424,1934,2,1,1
53413751,89.128784,360.000000,194.800018,237.923676,-0.629689,-0.908424,1944,2,1,1
53413771,96.328758,360.000000,211.399994,237.923676,-0.629689,-0.908424,1954,2,1,1
53413792,103.888748,360.000000,224.300003,237.923676,-0.629689,-0.908424,1964,2,1,1
53413813,111.448723,360.000000,240.000000,237.923676,-0.629689,-0.908424,1974,2,1,1
53413833,118.648705,360.000000,244.600006,237.923676,-0.629689,-0.908424,1984,2,1,1
53413854,126.208679,360.000000,248.300018,237.923676,-0.629689,-0.908424,1994,2,1,1
53413874,133.408661,360.000000,253.800018,237.923676,-0.629689,-0.908424,2004,2,1,1
53413895,140.968643,360.000000,256.600006,237.923676,-0.629689,-0.908424,2014,2,1,1
53413915,148.168610,360.000000,261.200012,237.923676,-0.629689,-0.908424,2024,2,1,1
53413936,155.728607,360.000000,265.799988,237.923676,-0.629689,-0.908424,2034,2,1,1
53413956,162.928574,360.000000,271.399994,237.923676,-0.629689,-0.908424,2044,1,1,1
53413977,170.488556,360.000000,284.299957,237.923676,-0.629689,-0.908424,2054,2,1,1
53413998,178.048523,360.000000,291.700012,237.923676,-0.629689,-0.908424,2064,2,1,1
53414018,185.248505,360.000000,302.799988,237.879959,-3.148225,-0.849815,2074,2,1,1
53414039,192.808502,360.000000,308.299988,237.836243,-1.888848,-0.732601,2084,2,1,1
53414059,200.008469,360.000000,314.799957,237.814392,-1.888848,-0.615383,2094,2,1,1
53414080,207.568451,360.000000,323.100006,237.792542,-0.629689,-0.498169,2104,2,1,1
53414100,214.768417,360.000000,324.900024,237.836243,1.888848,-0.341881,2114,2,1,1
53414121,222.328400,360.000000,339.700012,237.923676,3.148225,-0.244202,2124,2,1,1
53414141,229.528381,360.000000,353.499969,238.054810,9.444457,-0.146519,2134,2,1,1
53414162,237.088486,360.000000,360.000000,238.623093,34.629387,-0.009769,2144,2,1,1
53414183,244.648575,360.000000,360.000000,243.606506,256.256897,0.009769,2154,2,1,1
53414203,251.848679,360.000000,360.000000,250.098022,278.923492,0.009769,2164,2,1,1
53414224,259.408783,360.000000,360.000000,257.441956,360.774536,0.009769,2174,2,1,1
53414245,266.968872,360.000000,360.000000,265.354156,418.699951,-0.009769,2184,2,1,1
53414265,274.168976,360.000000,360.000000,272.304657,336.848755,0.009769,2194,2,1,1
53414286,281.729065,360.000000,360.000000,279.255188,356.996796,0.009769,2204,2,1,1
53414307,289.289154,360.000000,360.000000,287.473389,348.182037,-0.009769,2214,2,1,1
53414327,296.489258,360.000000,360.000000,294.336456,343.144958,0.009769,2224,2,1,1
53414348,304.049377,360.000000,360.000000,303.057343,494.254761,-0.029305,2234,2,1,1
53414369,311.609467,360.000000,360.000000,309.548859,278.923492,0.009769,2244,2,1,1
53414390,319.169525,360.000000,360.000000,316.630524,344.404358,0.029305,2254,2,1,1
53414411,326.719666,356.265778,360.000000,-26.523373,-738.548828,0.810745,2264,2,1,1
53414432,333.864441,319.450806,360.000000,158.277008,134.109940,0.791210,2274,2,1,1
53414453,340.022949,265.986481,360.000000,195.608688,530.773010,0.771671,2284,2,1,1
53414474,345.031433,211.621002,360.000000,199.149521,34.629387,0.869354,2294,2,1,1
53414495,348.954315,163.260071,360.000000,199.521072,4.407384,0.888889,2304,2,1,1
53414516,351.947144,123.179253,360.000000,199.521072,-0.629689,0.888889,2314,2,1,1
53414536,354.094330,92.725342,360.000000,199.521072,-0.629689,0.888889,2324,2,1,1
53414557,355.769501,67.930656,360.000000,199.521072,-1.888848,0.888889,2334,2,1,1
53414578,356.990356,49.236053,360.000000,199.521072,-1.888848,0.888889,2344,2,1,1
53414598,357.835754,35.941696,360.000000,199.521072,-0.629689,0.888889,2354,2,1,1
53414619,358.476715,25.641768,360.000000,199.521072,-0.629689,0.888889,2364,2,1,1
53414640,358.932617,18.178928,360.000000,199.521072,-0.629689,0.888889,2374,2,1,1
53414661,359.254974,12.818827,360.000000,199.521072,-0.629689,0.888889,2384,2,1,1
53414682,359.481781,8.997046,360.000000,199.521072,-1.888848,0.888889,2394,2,1,1
53414703,359.353851,-57.464573,336.000000,199.521072,-0.629689,0.888889,2404,2,1,1
53414723,356.973816,-186.121872,312.899994,199.521072,-0.629689,0.888889,2414,2,1,1
53414744,351.494354,-335.804657,279.700012,199.521072,-0.629689,0.888889,2424,2,1,1
53414765,343.978088,-360.000000,274.200012,199.521072,-0.629689,0.888889,2434,2,1,1
53414786,336.417999,-360.000000,274.200012,199.542938,-0.629689,0.888889,2444,2,1,1
53414807,328.857880,-360.000000,274.200012,199.521072,-0.629689,0.888889,2454,2,1,1
53414828,321.297791,-360.000000,274.200012,199.521072,-0.629689,0.888889,2464,2,1,1
53414849,313.737701,-360.000000,267.699982,199.521072,-0.629689,0.888889,2474,2,1,1
53414870,306.177612,-360.000000,263.100006,199.521072,-0.629689,0.888889,2484,2,1,1
53414891,298.617523,-360.000000,257.500000,199.521072,-0.629689,0.888889,2494,2,1,1
53414912,291.057434,-360.000000,254.800003,199.521072,-0.629689,0.888889,2504,2,1,1
53414933,283.661865,-337.305420,254.800003,199.542938,-0.629689,0.888889,2514,2,1,1
53414954,277.074402,-287.837677,254.800003,199.542938,-0.629689,0.888889,2524,2,1,1
53414975,271.610535,-232.627777,254.800003,199.542938,-0.629689,0.888889,2534,2,1,1
53414996,267.274384,-181.431610,254.800003,199.542938,-0.629689,0.888889,2544,2,1,1
53415017,263.935181,-137.989426,254.800003,199.521072,-0.629689,0.888889,2554,2,1,1
53415038,261.419067,-103.004349,254.800003,199.542938,-0.629689,0.888889,2564,2,1,1
53415059,259.554230,-75.785088,254.800003,199.542938,-0.629689,0.888889,2574,2,1,1
53415080,258.190002,-55.120049,254.800003,199.521072,-1.888848,0.888889,2584,2,1,1
53415101,257.202271,-39.715366,254.800003,199.542938,-1.888848,0.888889,2594,2,1,1
53415122,256.362640,-46.837646,250.199997,199.542938,-0.629689,0.888889,2604,2,1,1
53415143,254.960953,-93.202019,240.899994,199.542938,-0.629689,0.888889,2614,2,1,1
53415164,252.055862,-199.222275,220.600006,199.499222,-4.407384,0.849815,2624,2,1,1
53415185,246.651566,-324.845306,201.199997,199.280655,-14.481312,0.771671,2634,2,1,1
53415206,239.216690,-360.000000,188.300018,198.865372,-19.518385,0.654457,2644,2,1,1
53415226,232.016586,-360.000000,185.500000,198.362625,-24.555241,0.537239,2654,2,1,1
53415247,224.456543,-360.000000,185.500000,197.750626,-30.851471,0.420025,2664,2,1,1
53415268,216.941391,-350.057373,185.500000,197.007507,-35.888546,0.263737,2674,2,1,1
53415289,210.005325,-306.934937,185.500000,196.701523,-16.999849,0.205128,2684,2,1,1
53415310,204.128647,-252.219086,185.500000,196.308090,-20.777544,0.126984,2694,2,1,1
53415331,199.400421,-198.932266,185.500000,195.849106,-22.036922,0.048840,2704,2,1,1
53415352,195.724167,-152.529236,185.500000,195.280838,-29.592314,-0.009769,2714,2,1,1
53415373,192.934494,-114.555748,185.500000,193.269974,-101.369400,-0.009769,2724,2,1,1
53415394,190.855637,-84.687698,185.500000,191.171692,-103.887939,-0.009769,2734,2,1,1
53415415,189.328201,-61.831882,185.500000,189.707306,-72.406776,-0.009769,2744,2,1,1
53415436,188.218506,-44.691730,185.500000,188.636337,-53.518082,-0.009769,2754,2,1,1
53415457,187.419647,-32.035202,185.500000,187.893143,-42.184776,-0.009769,2764,2,1,1
53415478,186.848969,-22.802980,185.500000,187.324875,-33.370007,-0.009769,2774,2,1,1
53415499,186.443909,-16.135008,185.500000,186.887741,-25.814617,-0.009769,2784,2,1,1
53415520,186.158020,-11.358378,185.500000,186.559891,-19.518385,-0.009769,2794,2,1,1
53415541,185.957184,-7.960227,185.500000,186.297623,-14.481312,-0.009769,2804,2,1,1
53415562,185.816696,-5.556761,185.500000,186.166473,-9.444457,-0.009769,2814,2,1,1
53415583,185.718781,-3.865409,185.500000,186.057190,-5.666543,-0.009769,2824,2,1,1
53415604,185.650772,-2.680535,185.500000,185.969772,-4.407384,-0.009769,2834,2,1,1
53415625,185.603699,-1.853735,185.500000,185.904205,-4.407384,-0.009769,2844,2,1,1
53415646,185.571167,-1.278747,185.500000,185.882339,-1.888848,-0.009769,2854,2,1,1
53415667,185.548737,-0.880070,185.500000,185.838623,-1.888848,-0.009769,2864,2,1,1
53415688,185.388245,-27.786758,177.199997,185.751205,-8.185080,-0.009769,2874,2,1,1
53415709,184.392181,-67.901062,173.500000,184.789505,-52.258705,-0.009769,2884,2,1,1
53415730,182.675003,-93.211456,171.699982,183.193924,-84.999245,-0.009769,2894,2,1,1
53415751,180.653946,-96.095901,171.699982,181.423538,-87.517776,-0.029305,2904,2,1,1
53415772,178.728302,-86.040009,171.699982,179.718658,-82.480705,-0.029305,2914,2,1,1
53415793,177.070297,-71.579475,171.699982,178.035706,-83.740082,-0.029305,2924,2,1,1
53415814,175.722870,-56.917793,171.699982,176.549393,-74.925316,-0.029305,2934,2,1,1
53415835,174.667999,-43.893616,171.699982,175.238007,-68.629082,-0.009769,2944,2,1,1
53415856,173.863464,-33.108078,171.699982,174.167023,-58.554935,-0.009769,2954,2,1,1
53415877,173.261658,-24.557478,171.699982,173.380142,-43.444153,-0.009769,2964,2,1,1
53415898,172.818176,-17.977499,171.699982,172.833710,-29.592314,-0.009769,2974,2,1,1
53415919,172.495178,-13.022346,171.699982,172.462173,-19.518385,-0.009769,2984,2,1,1
53415940,172.262192,-9.351325,171.699982,172.199890,-13.222153,-0.009769,2994,2,1,1
53415961,172.095490,-6.666547,171.699982,172.025040,-8.185080,-0.009769,3004,2,1,1
53415982,171.976990,-4.723307,171.699982,171.915741,-6.925921,-0.009769,3014,2,1,1
53416003,171.893234,-3.328799,171.699982,171.828308,-4.407384,-0.009769,3024,2,1,1
53416024,171.834366,-2.335211,171.699982,171.762756,-3.148225,-0.009769,3034,2,1,1
53416045,171.742599,-6.309429,170.800003,171.675339,-5.666543,-0.009769,3044,2,1,1
53416066,171.536270,-12.804587,169.800003,171.500488,-10.703616,-0.009769,3054,2,1,1
53416087,171.122910,-24.397715,168.000000,171.150772,-18.259008,-0.009769,3064,2,1,1
53416108,170.577179,-26.534014,168.000000,170.669937,-23.296082,-0.009769,3074,2,1,1
53416129,170.038452,-24.335901,168.000000,170.276505,-22.036922,-0.009769,3084,2,1,1
53416150,169.566147,-20.524879,168.000000,169.883041,-20.777544,-0.009769,3094,2,1,1
53416172,169.161652,-16.278744,168.000000,169.533325,-16.999849,-0.009769,3104,2,1,1
53416193,168.859192,-12.614960,168.000000,169.249191,-13.222153,-0.009769,3114,2,1,1
53416214,168.627579,-9.549470,168.000000,168.986908,-11.962775,-0.009769,3124,2,1,1
53416234,168.458191,-8.535360,167.100006,168.790207,-9.444457,-0.009769,3134,1,1,1
53416255,168.249527,-10.749197,167.100006,168.593491,-9.444457,-0.009769,3144,2,1,1
53416276,168.024246,-10.440997,167.100006,168.374924,-9.444457,-0.009769,3154,2,1,1
53416297,167.818298,-9.080104,167.100006,168.178223,-9.444457,-0.009769,3164,2,1,1
53416318,167.644882,-7.424682,167.100006,168.003372,-8.185080,-0.009769,3174,2,1,1
53416339,167.505936,-5.836756,167.100006,167.872223,-5.666543,-0.009769,3184,2,1,1
53416360,167.398193,-4.464711,167.100006,167.784805,-4.407384,-0.009769,3194,2,1,1
53416381,167.316605,-3.347276,167.100006,167.697372,-4.407384,-0.009769,3204,2,1,1
53416402,167.255905,-2.471067,167.100006,167.631805,-3.148225,-0.009769,3214,2,1,1
53416423,167.211365,-1.802145,167.100006,167.566238,-4.407384,-0.009769,3224,2,1,1
53416444,167.179016,-1.301357,167.100006,167.544373,-1.888848,-0.009769,3234,2,1,1
53416465,167.155731,-0.931961,167.100006,167.522522,-1.888848,-0.009769,3244,2,1,1
53416486,167.139145,-0.662850,167.100006,167.478806,-1.888848,-0.009769,3254,2,1,1
53416507,167.127380,-0.468704,167.100006,167.478806,-0.629689,-0.009769,3264,2,1,1
53416528,167.119080,-0.329773,167.100006,167.456955,-1.888848,-0.009769,3274,2,1,1
53416549,167.113266,-0.231052,167.100006,167.456955,-0.629689,-0.009769,3284,2,1,1
53416570,167.109192,-0.161294,167.100006,167.456955,-0.629689,-0.009769,3294,2,1,1
53416591,167.106354,-0.112223,167.100006,167.435089,-0.629689,-0.009769,3304,2,1,1
53416612,167.104370,-0.077795,167.100006,167.435089,-0.629689,-0.009769,3314,2,1,1
53416633,167.103012,-0.053782,167.100006,167.435089,-0.629689,-0.009769,3324,2,1,1
53416654,167.102066,-0.037116,167.100006,167.435089,-0.629689,-0.009769,3334,2,1,1
53416675,167.101395,-0.025528,167.100006,167.435089,-0.629689,-0.009769,3344,2,1,1
53416696,167.100952,-0.017497,167.100006,167.413239,-0.629689,-0.009769,3354,2,1,1
53416717,167.100662,-0.011984,167.100006,167.413239,-0.629689,-0.009769,3364,2,1,1
53416738,167.100449,-0.008161,167.100006,167.413239,-0.629689,-0.009769,3374,2,1,1
53416759,167.100311,-0.005628,167.100006,167.413239,-0.629689,-0.009769,3384,2,1,1
53416780,167.100174,-0.003780,167.100006,167.413239,-0.629689,-0.009769,3394,2,1,1
53416801,167.100128,-0.002462,167.100006,167.413239,-0.629689,-0.009769,3404,2,1,1
53416821,167.100128,-0.001847,167.100006,167.413239,-0.629689,-0.009769,3414,2,1,1
53416842,167.100128,-0.001563,167.100006,167.413239,-0.629689,-0.009769,3424,2,1,1
53416863,167.100128,-0.001442,167.100006,167.413239,-0.629689,-0.009769,3434,2,1,1
53416883,167.100128,-0.001392,167.100006,167.413239,-0.629689,-0.009769,3444,2,1,1
53416904,167.100128,-0.001369,167.100006,167.413239,-0.629689,-0.009769,3454,2,1,1
53416925,167.100128,-0.001359,167.100006,167.413239,-0.629689,-0.009769,3464,2,1,1
53416945,167.100128,-0.001355,167.100006,167.413239,-0.629689,-0.009769,3474,2,1,1
53416966,167.100128,-0.001353,167.100006,167.413239,-0.629689,-0.009769,3484,2,1,1
53416987,167.100128,-0.001352,167.100006,167.413239,-0.629689,-0.009769,3494,2,1,1
53417007,167.100128,-0.001352,167.100006,167.413239,-0.629689,-0.009769,3504,2,1,1
53417028,167.100128,-0.001352,167.100006,167.413239,-0.629689,-0.009769,3514,2,1,1
53417048,167.100128,-0.001352,167.100006,167.413239,-0.629689,-0.009769,3524,1,1,1
53417069,167.100128,-0.001352,167.100006,167.413239,-0.629689,-0.009769,3534,2,1,1
53417090,167.100128,-0.001351,167.100006,167.413239,-0.629689,-0.009769,3544,2,1,1
53417110,167.100128,-0.001352,167.100006,167.413239,0.629689,-0.009769,3554,2,1,1
53417131,167.100128,-0.001352,167.100006,167.391388,-1.888848,-0.009769,3564,2,1,1
53417152,167.100128,-0.001352,167.100006,167.413239,-0.629689,-0.009769,3574,2,1,1
53417173,167.100128,-0.001351,167.100006,167.413239,-0.629689,-0.009769,3584,2,1,1
53417193,167.100128,-0.001352,167.100006,167.413239,-0.629689,-0.009769,3594,2,1,1
53417214,167.100128,-0.001352,167.100006,167.413239,-0.629689,-0.009769,3604,2,1,1
53417234,167.100128,-0.001352,167.100006,167.391388,-0.629689,-0.009769,3614,1,1,1
53417255,167.100128,-0.001352,167.100006,167.391388,-0.629689,-0.009769,3624,2,1,1
53417276,167.100128,-0.001352,167.100006,167.391388,-0.629689,-0.009769,3634,2,1,1
53417296,167.100128,-0.001352,167.100006,167.391388,-0.629689,-0.009769,3644,2,1,1
53417317,167.100128,-0.001352,167.100006,167.391388,-0.629689,-0.009769,3654,2,1,1
53417338,167.100128,-0.001352,167.100006,167.391388,-0.629689,-0.009769,3664,2,1,1
53417359,167.100128,-0.001351,167.100006,167.391388,-0.629689,-0.009769,3674,2,1,1
53417379,167.100128,-0.001352,167.100006,167.391388,-0.629689,-0.009769,3684,2,1,1
53417400,167.100128,-0.001352,167.100006,167.391388,-0.629689,-0.009769,3694,2,1,1
53417421,166.908066,-18.620163,161.500000,167.303955,-9.444457,-0.009769,3704,2,1,1
53417441,166.325180,-37.182697,160.600006,166.757538,-28.333155,-0.009769,3714,2,1,1
53417462,165.428848,-45.769115,160.600006,165.773941,-56.036617,-0.009769,3724,2,1,1
53417482,164.518127,-44.303242,160.600006,164.987091,-37.147705,-0.009769,3734,1,1,1
53417503,163.644379,-38.508389,160.600006,164.025406,-47.221851,-0.009769,3744,2,1,1
53417524,162.909088,-31.477512,160.600006,163.369705,-29.592314,-0.009769,3754,2,1,1
53417545,162.312057,-26.930727,159.699997,162.735809,-32.110851,-0.009769,3764,2,1,1
53417565,161.759842,-34.630566,155.100006,162.276825,-22.036922,-0.009769,3774,2,1,1
53417586,160.823654,-54.000031,153.199997,161.380692,-42.184776,-0.009769,3784,2,1,1
53417607,159.537170,-70.018982,150.500000,160.222305,-56.036617,-0.029305,3794,2,1,1
53417628,157.933823,-84.197716,147.699997,158.823425,-69.888245,-0.029305,3804,2,1,1
53417649,156.028381,-98.457390,144.899979,157.096741,-87.517776,-0.029305,3814,2,1,1
53417669,154.007996,-102.223770,144.000000,154.495758,-122.776634,-0.009769,3824,1,1,1
53417690,151.862579,-106.310471,140.300003,152.113327,-102.628784,-0.009769,3834,2,1,1
53417711,149.621429,-104.330864,140.300003,150.080673,-86.258400,-0.009769,3844,1,1,1
53417732,147.557526,-91.206337,140.300003,148.244659,-83.740082,-0.029305,3854,2,1,1
53417753,145.812866,-74.813339,140.300003,146.474274,-84.999245,-0.009769,3864,2,1,1
53417774,144.390564,-63.845257,138.500000,145.272171,-56.036617,-0.029305,3874,2,1,1
53417795,143.115097,-56.842121,138.500000,143.807724,-69.888245,-0.009769,3884,2,1,1
53417816,142.021622,-47.133415,138.500000,142.889740,-40.925617,-0.029305,3894,2,1,1
53417837,141.128723,-39.527050,137.500000,141.928055,-42.184776,-0.029305,3904,2,1,1
53417857,140.375488,-35.356842,137.500000,141.075577,-43.444153,-0.029305,3914,2,1,1
53417878,139.695007,-29.344479,137.500000,140.354309,-38.407082,-0.029305,3924,2,1,1
53417899,139.143051,-23.297447,137.500000,139.786041,-34.629387,-0.029305,3934,2,1,1
53417920,138.708633,-20.790531,133.800003,139.392624,-27.073776,-0.029305,3944,2,1,1
53417941,138.091171,-37.090992,131.099991,138.868073,-33.370007,-0.029305,3954,2,1,1
53417961,137.163910,-52.409245,131.099991,137.928238,-53.518082,-0.029305,3964,1,1,1
53417982,136.034698,-53.441025,131.099991,136.747925,-61.073475,-0.029305,3974,2,1,1
53418003,134.966797,-47.601513,131.099991,135.239822,-68.629082,-0.009769,3984,2,1,1
53418024,134.050964,-39.482052,131.099991,134.037643,-58.554935,-0.009769,3994,2,1,1
53418045,133.308487,-31.333031,131.099991,133.185242,-45.962471,-0.009769,4004,2,1,1
53418066,132.728165,-24.129568,131.099991,132.595108,-32.110851,-0.009769,4014,2,1,1
53418087,132.286133,-18.181547,131.099991,132.179840,-22.036922,-0.009769,4024,2,1,1
53418108,131.826599,-27.027966,128.300003,131.786423,-22.036922,-0.009769,4034,2,1,1
53418129,131.088333,-43.317173,125.499992,131.065155,-40.925617,-0.009769,4044,2,1,1
53418150,130.065903,-52.029274,124.599998,130.212692,-40.925617,-0.009769,4054,2,1,1
53418171,128.931412,-54.673435,123.699997,129.272858,-45.962471,-0.009769,4064,2,1,1
53418191,127.704384,-65.059090,120.900002,128.070755,-59.814316,-0.009769,4074,2,1,1
53418212,125.983093,-92.705971,115.400009,126.693726,-64.851166,-0.029305,4084,2,1,1
53418233,123.868179,-104.227516,113.500000,124.617348,-98.850868,-0.009769,4094,2,1,1
53418254,121.735672,-96.944611,113.500000,122.737617,-87.517776,-0.029305,4104,2,1,1
53418275,119.795807,-87.076736,112.599998,120.661240,-100.110245,-0.009769,4114,2,1,1
53418296,117.954979,-87.452324,109.800003,118.694099,-103.887939,-0.009769,4124,2,1,1
53418317,116.141899,-83.303871,108.900002,116.617722,-115.221237,-0.009769,4134,2,1,1
53418338,114.507416,-71.715851,108.900002,114.716141,-95.073174,-0.009769,4144,2,1,1
53418359,113.142220,-58.278416,108.900002,113.229889,-67.369705,-0.009769,4154,2,1,1
53418380,112.053879,-45.622734,108.900002,112.224426,-43.444153,-0.009769,4164,2,1,1
53418401,110.965538,-55.215244,105.199997,111.044174,-52.258705,-0.009769,4174,2,1,1
53418422,109.757347,-57.830994,104.300003,109.929482,-63.592010,-0.009769,4184,2,1,1
53418443,108.593887,-52.159126,104.300003,108.989601,-43.444153,-0.009769,4194,2,1,1
53418464,107.586555,-43.576065,104.300003,108.049767,-39.666241,-0.009769,4204,2,1,1
53418484,106.800056,-35.150303,104.300003,107.284782,-38.407082,-0.009769,4214,2,1,1
53418505,106.147545,-27.193594,104.300003,106.760231,-24.555241,-0.029305,4224,2,1,1
53418526,105.648529,-20.559998,104.300003,106.344955,-18.259008,-0.029305,4234,2,1,1
53418547,105.274475,-15.277905,104.300003,105.951530,-19.518385,-0.029305,4244,2,1,1
53418568,104.686401,-40.817558,94.199997,105.492485,-22.036922,-0.029305,4254,2,1,1
53418589,103.410210,-78.898514,90.500000,104.399658,-53.518082,-0.029305,4264,2,1,1
53418610,101.451569,-104.129364,88.599998,102.629272,-82.480705,-0.029305,4274,2,1,1
53418630,99.264885,-110.798470,88.599998,100.203133,-107.665634,-0.029305,4284,2,1,1
53418651,97.021828,-101.086273,88.599998,97.602142,-117.739784,-0.009769,4294,2,1,1
53418672,94.875580,-100.459152,85.800003,95.197922,-127.813713,-0.009769,4304,2,1,1
53418692,92.801437,-106.396057,79.400002,93.077766,-101.369400,-0.009769,4314,1,1,1
53418713,90.433929,-116.665314,76.599998,90.782776,-112.702705,-0.009769,4324,2,1,1
53418734,87.897873,-120.813431,76.599998,88.465981,-107.665634,-0.009769,4334,2,1,1
53418755,85.474197,-108.396294,76.599998,86.476967,-96.332550,-0.029305,4344,2,1,1
53418776,83.384071,-90.287003,76.599998,84.488014,-95.073174,-0.029305,4354,2,1,1
53418797,81.683784,-71.849808,76.599998,82.673859,-93.814011,-0.029305,4364,2,1,1
53418818,80.351776,-55.439342,76.599998,81.122047,-69.888245,-0.009769,4374,2,1,1
53418839,79.335434,-41.833904,76.599998,79.854309,-52.258705,-0.009769,4384,2,1,1
53418860,78.417580,-45.592823,73.800003,78.870766,-48.481010,-0.009769,4394,2,1,1
53418881,77.358826,-52.795532,72.000000,77.799789,-54.777241,-0.009769,4404,2,1,1
53418902,76.271469,-49.696495,72.000000,76.706902,-52.258705,-0.009769,4414,2,1,1
53418923,75.299629,-42.513874,72.000000,75.635925,-52.258705,-0.009769,4424,2,1,1
53418944,74.480812,-39.877670,68.300003,74.805374,-40.925617,-0.009769,4434,2,1,1
53418965,73.500214,-57.434334,62.799999,73.821831,-48.481010,-0.009769,4444,2,1,1
53418986,71.984856,-83.074539,61.800003,72.248100,-79.962173,-0.009769,4454,2,1,1
53419007,70.103836,-100.415741,57.200001,70.521431,-84.999245,-0.009769,4464,2,1,1
53419028,67.854317,-109.487503,57.200001,68.532425,-95.073174,-0.029305,4474,2,1,1
53419049,65.534798,-123.161499,48.900002,66.521614,-97.591705,-0.029305,4484,2,1,1
53419070,62.701012,-143.656616,47.099998,63.811340,-136.628479,-0.029305,4494,2,1,1
53419091,59.674099,-140.852203,47.099998,60.292374,-169.368790,-0.009769,4504,2,1,1
53419112,56.888386,-123.076385,47.099998,57.494675,-144.183868,-0.009769,4514,2,1,1
53419133,54.534443,-100.926949,47.099998,55.024822,-130.332245,-0.009769,4524,2,1,1
53419154,52.576233,-101.206055,36.900002,53.188869,-90.036308,-0.009769,4534,2,1,1
53419175,50.124382,-127.006836,36.000000,50.697163,-118.998932,-0.009769,4544,2,1,1
53419196,47.426128,-126.357414,36.000000,48.118023,-118.998932,-0.009769,4554,2,1,1
53419217,44.892841,-119.092773,32.299999,45.801224,-116.480400,-0.029305,4564,2,1,1
53419238,42.363258,-128.724396,25.799999,43.090954,-132.850571,-0.009769,4574,2,1,1
53419259,39.436825,-150.290237,22.200001,40.205826,-144.183868,-0.009769,4584,2,1,1
53419280,36.187115,-157.590225,20.299999,37.255131,-132.850571,-0.029305,4594,2,1,1
53419301,32.899773,-156.910950,17.500000,34.173347,-139.146805,-0.029305,4604,2,1,1
53419322,29.684555,-147.970078,16.600000,30.785519,-165.591095,-0.029305,4614,2,1,1
53419343,26.747652,-131.784225,15.700000,27.878536,-134.109940,-0.029305,4624,2,1,1
53419364,24.163683,-114.804329,14.799999,25.343117,-121.517479,-0.029305,4634,2,1,1
53419385,21.952347,-95.430588,14.799999,22.916979,-105.147095,-0.029305,4644,2,1,1
53419406,20.156410,-75.842522,14.799999,21.059166,-83.740082,-0.029305,4654,2,1,1
53419427,18.751040,-58.465557,14.799999,19.616575,-68.629082,-0.029305,4664,2,1,1
53419448,17.679583,-44.086884,14.799999,18.589315,-49.740387,-0.029305,4674,2,1,1
53419469,16.878307,-32.693775,14.799999,17.933617,-29.592314,-0.029305,4684,2,1,1
53419490,16.287920,-23.929636,14.799999,17.321632,-25.814617,-0.029305,4694,2,1,1
53419511,15.858026,-17.331312,14.799999,16.906357,-20.777544,-0.029305,4704,2,1,1
53419531,15.560528,-12.644167,14.799999,16.600365,-14.481312,-0.029305,4714,2,1,1
53419552,15.335093,-9.015967,14.799999,16.381798,-10.703616,-0.029305,4724,2,1,1
53419573,15.174829,-6.389106,14.799999,16.206945,-9.444457,-0.029305,4734,2,1,1
53419594,15.061549,-4.503521,14.799999,16.097609,-5.666543,-0.029305,4744,2,1,1
53419614,14.985065,-3.213825,14.799999,16.032038,-4.407384,-0.029305,4754,1,1,1
53419636,14.926089,-2.207939,14.799999,15.966468,-3.148225,-0.029305,4764,2,1,1
53419656,14.820045,-12.136720,12.000000,15.879042,-5.666543,-0.029305,4774,2,1,1
53419677,14.372743,-32.041279,9.200000,15.420053,-25.814617,-0.029305,4784,2,1,1
53419698,13.496515,-52.188683,6.500000,14.261653,-63.592010,-0.029305,4794,2,1,1
53419719,12.307986,-58.504627,6.500000,12.775404,-79.962173,-0.009769,4804,2,1,1
53419740,11.111766,-54.351208,6.500000,11.289101,-69.888245,-0.009769,4814,2,1,1
53419761,10.052908,-46.165920,6.500000,10.283696,-47.221851,-0.009769,4824,2,1,1
53419782,9.137786,-45.622169,3.700000,9.584285,-35.888546,-0.009769,4834,2,1,1
53419802,8.169795,-52.690922,1.800000,8.797393,-39.666241,-0.029305,4844,2,1,1
53419823,7.016250,-55.236721,1.800000,7.726419,-54.777241,-0.029305,4854,2,1,1
53419844,5.904721,-49.839760,1.800000,6.699159,-52.258705,-0.029305,4864,2,1,1
53419864,4.983914,-42.057041,1.800000,5.759325,-45.962471,-0.029305,4874,2,1,1
53419885,4.190303,-33.600021,1.800000,4.950576,-40.925617,-0.029305,4884,2,1,1
53419906,3.566534,-25.997038,1.800000,4.338591,-30.851471,-0.029305,4894,2,1,1
53419926,3.109254,-19.928888,1.800000,3.835889,-23.296082,-0.029305,4904,2,1,1
53419947,2.746541,-14.820603,1.800000,3.464326,-18.259008,-0.029305,4914,2,1,1
53419968,2.478615,-10.872031,1.800000,3.223904,-11.962775,-0.029305,4924,2,1,1
53419989,2.283124,-7.888559,1.800000,3.027194,-9.444457,-0.029305,4934,2,1,1
53420009,2.147620,-5.763470,1.800000,2.874198,-8.185080,-0.029305,4944,2,1,1
53420030,2.044798,-4.114936,1.800000,2.786772,-5.666543,-0.029305,4954,2,1,1
53420051,1.971613,-2.919218,1.800000,2.721202,-3.148225,-0.029305,4964,2,1,1
53420071,1.921910,-2.094360,1.800000,2.655632,-3.148225,-0.029305,4974,2,1,1
53420092,1.884841,-1.470965,1.800000,2.611919,-1.888848,-0.029305,4984,2,1,1
53420112,1.859896,-1.046566,1.800000,2.590062,-1.888848,-0.029305,4994,2,1,1
53420133,1.841440,-0.729403,1.800000,2.568206,-1.888848,-0.029305,5004,2,1,1
53420154,1.828598,-0.506680,1.800000,2.568206,-0.629689,-0.029305,5014,2,1,1
53420174,1.820045,-0.357142,1.800000,2.546349,-1.888848,-0.029305,5024,2,1,1
53420195,1.799908,-7.040903,-2.800000,2.524493,-1.888848,-0.029305,5034,2,1,1
53420216,1.338125,-43.651146,-9.200000,2.262213,-16.999849,-0.029305,5044,2,1,1
53420236,0.092257,-78.113640,-11.100000,1.103759,-56.036617,-0.029305,5054,2,1,1
53420257,-1.752733,-97.289467,-13.800000,-0.469917,-73.665939,-0.029305,5064,2,1,1
53420278,-3.901802,-103.568298,-13.800000,-2.393353,-100.110245,-0.029305,5074,2,1,1
53420298,-5.899388,-94.734520,-13.800000,-4.666440,-105.147095,-0.029305,5084,2,1,1
53420319,-7.735769,-79.707336,-13.800000,-7.114434,-116.480400,-0.009769,5094,2,1,1
53420340,-9.241849,-63.845097,-13.800000,-8.688109,-72.406776,-0.009769,5104,2,1,1
53420360,-10.378377,-50.121273,-13.800000,-9.846564,-53.518082,-0.009769,5114,2,1,1
53420381,-11.428416,-51.537846,-16.600000,-10.786398,-52.258705,-0.029305,5124,2,1,1
53420402,-12.615101,-61.736332,-19.400002,-11.835515,-58.554935,-0.029305,5134,2,1,1
53420422,-13.860231,-61.214802,-19.400002,-13.015826,-57.295776,-0.029305,5144,2,1,1
53420443,-15.078771,-56.747414,-23.100000,-14.196083,-58.554935,-0.029305,5154,2,1,1
53420463,-16.334375,-67.222122,-24.899998,-15.376340,-54.777241,-0.029305,5164,1,1,1
53420484,-17.835413,-72.894066,-24.899998,-16.862644,-69.888245,-0.029305,5174,2,1,1
53420505,-19.314358,-66.770218,-24.899998,-18.152184,-64.851166,-0.029305,5184,2,1,1
53420525,-20.553280,-56.807896,-24.899998,-19.332439,-57.295776,-0.029305,5194,2,1,1
53420546,-21.628325,-45.639130,-24.899998,-20.381611,-50.999546,-0.029305,5204,2,1,1
53420567,-22.554453,-48.514748,-28.600000,-21.212162,-44.703312,-0.029305,5214,2,1,1
53420587,-23.623398,-59.106686,-30.500000,-22.326849,-54.777241,-0.029305,5224,2,1,1
53420608,-24.924980,-64.087517,-31.400000,-23.900581,-84.999245,-0.029305,5234,2,1,1
53420628,-26.182594,-60.498562,-31.400000,-25.517969,-81.221550,-0.009769,5244,1,1,1
53420649,-27.366835,-51.851292,-31.400000,-26.851223,-58.554935,-0.009769,5254,2,1,1
53420670,-28.352474,-42.019703,-31.400000,-27.812967,-43.444153,-0.009769,5264,2,1,1
53420690,-29.293922,-54.621094,-36.000000,-28.687231,-44.703312,-0.029305,5274,2,1,1
53420711,-30.547167,-62.506290,-36.900002,-29.692635,-50.999546,-0.029305,5284,2,1,1
53420732,-31.835093,-58.883289,-36.900002,-30.741806,-50.999546,-0.029305,5294,2,1,1
53420752,-33.027321,-62.694496,-39.700001,-31.878349,-57.295776,-0.029305,5304,2,1,1
53420773,-34.397797,-68.339043,-41.500000,-33.277172,-68.629082,-0.029305,5314,2,1,1
53420794,-35.987114,-83.150887,-45.200001,-34.697906,-76.184471,-0.029305,5324,2,1,1
53420814,-37.710144,-87.495483,-46.200001,296.631378,534.550720,-0.810745,5334,2,1,1
53420835,-39.569073,-88.913582,-48.000000,234.841888,767.511475,-0.908424,5344,2,1,1
53420855,-41.514908,-104.080086,-52.599998,234.820038,57.295776,-0.908424,5354,2,1,1
53420876,-43.901196,-120.076790,-56.299999,234.820038,4.407384,-0.908424,5364,2,1,1
53420897,-46.545689,-128.745209,-59.100002,234.798187,0.629689,-0.908424,5374,2,1,1
53420917,-49.044243,-119.104210,-59.100002,234.798187,-0.629689,-0.908424,5384,2,1,1
53420938,-51.361233,-100.889069,-59.100002,234.798187,-0.629689,-0.908424,5394,2,1,1
53420959,-53.271759,-81.159271,-59.100002,234.798187,-0.629689,-0.908424,5404,2,1,1
53420980,-54.782089,-63.095825,-59.100002,234.798187,-0.629689,-0.908424,5414,2,1,1
53421001,-55.942020,-47.876209,-59.100002,234.798187,-0.629689,-0.908424,5424,2,1,1
53421022,-56.814228,-35.674347,-59.100002,234.798187,0.629689,-0.908424,5434,2,1,1
53421043,-57.459641,-26.210476,-59.100002,234.798187,-0.629689,-0.908424,5444,2,1,1
53421064,-57.188625,42.224426,-48.000000,234.776321,-0.629689,-0.908424,5454,2,1,1
53421085,-55.178776,142.431564,-3.700000,234.798187,-0.629689,-0.908424,5464,2,1,1
53421106,-50.600109,293.631622,33.200001,234.798187,-0.629689,-0.908424,5474,2,1,1
53421127,-43.349419,360.000000,68.300003,234.776321,-0.629689,-0.908424,5484,2,1,1
53421148,-35.789410,360.000000,92.300003,234.776321,-0.629689,-0.908424,5494,2,1,1
53421169,-28.229406,360.000000,94.199997,234.776321,-0.629689,-0.908424,5504,2,1,1
53421190,-20.669413,360.000000,94.199997,234.776321,-0.629689,-0.908424,5514,2,1,1
53421211,-13.109418,360.000000,94.199997,234.776321,-0.629689,-0.908424,5524,2,1,1
53421232,-5.549416,360.000000,94.199997,234.776321,-1.888848,-0.908424,5534,2,1,1
53421253,2.010585,360.000000,94.199997,234.776321,-0.629689,-0.908424,5544,2,1,1
53421274,9.570585,360.000000,94.199997,234.776321,-0.629689,-0.908424,5554,2,1,1
53421295,17.130585,360.000000,94.199997,234.776321,-0.629689,-0.908424,5564,2,1,1
53421316,24.690577,360.000000,102.500000,234.776321,-0.629689,-0.908424,5574,2,1,1
53421337,32.250580,360.000000,115.400009,234.776321,-0.629689,-0.908424,5584,2,1,1
53421358,39.810585,360.000000,121.800003,234.776321,-0.629689,-0.888889,5594,2,1,1
53421379,47.370598,360.000000,121.800003,234.776321,-0.629689,-0.908424,5604,2,1,1
53421400,54.930603,360.000000,122.800011,234.776321,-0.629689,-0.908424,5614,2,1,1
53421421,62.490593,360.000000,122.800011,234.798187,0.629689,-0.908424,5624,2,1,1
53421442,70.050575,360.000000,122.800011,234.776321,-0.629689,-0.908424,5634,2,1,1
53421463,77.610558,360.000000,122.800011,234.776321,-0.629689,-0.908424,5644,2,1,1
53421484,85.170532,360.000000,122.800011,234.776321,-0.629689,-0.888889,5654,2,1,1
53421505,92.730522,360.000000,136.600006,234.776321,-0.629689,-0.908424,5664,2,1,1
53421526,100.290497,360.000000,163.399994,234.776321,-0.629689,-0.908424,5674,2,1,1
53421547,107.850487,360.000000,175.399994,234.776321,-0.629689,-0.908424,5684,2,1,1
53421568,115.410446,360.000000,180.899994,234.776321,-1.888848,-0.908424,5694,2,1,1
53421589,122.970436,360.000000,180.899994,234.776321,-0.629689,-0.908424,5704,2,1,1
53421610,130.530411,360.000000,180.899994,234.776321,-0.629689,-0.908424,5714,2,1,1
53421631,138.090393,360.000000,187.399979,234.776321,-0.629689,-0.908424,5724,2,1,1
53421652,145.650375,360.000000,192.900009,234.798187,-0.629689,-0.908424,5734,2,1,1
53421673,153.210358,360.000000,201.199997,234.798187,-0.629689,-0.908424,5744,2,1,1
53421694,160.770340,360.000000,208.600006,234.776321,-1.888848,-0.908424,5754,2,1,1
53421715,168.330322,360.000000,208.600006,234.776321,-1.888848,-0.908424,5764,2,1,1
53421736,175.880890,359.870483,213.199982,234.798187,-0.629689,-0.908424,5774,2,1,1
53421757,183.352066,354.302216,223.399994,234.754471,-3.148225,-0.830280,5784,2,1,1
53421778,190.897614,360.000000,234.500000,234.754471,-0.629689,-0.732601,5794,3,1,1
53421799,198.457581,360.000000,239.100006,234.798187,1.888848,-0.615383,5804,2,1,1
53421820,206.017487,360.000000,252.899994,234.907471,6.925921,-0.478634,5814,2,1,1
53421841,213.577469,360.000000,274.200012,235.104172,10.703616,-0.322346,5824,2,1,1
53421862,221.137451,360.000000,306.500000,235.300888,10.703616,-0.224663,5834,2,1,1
53421883,228.697433,360.000000,319.399994,235.606873,18.259008,-0.107449,5844,2,1,1
53421903,235.897537,360.000000,322.200012,236.830841,82.480705,0.009769,5854,2,1,1
53421924,243.457626,360.000000,323.999969,242.382538,278.923492,0.009769,5864,2,1,1
53421945,251.017731,360.000000,327.700012,249.114471,292.775116,0.009769,5874,2,1,1
53421966,258.577820,360.000000,328.600006,255.868271,302.849030,0.029305,5884,2,1,1
53421986,265.777924,360.000000,328.600006,263.540070,333.071045,0.009769,5894,2,1,1
53422007,273.338013,360.000000,328.600006,271.189972,392.255676,0.009769,5904,2,1,1
53422028,280.898102,360.000000,328.600006,278.053070,368.329926,0.029305,5914,2,1,1
53422048,288.098236,360.000000,328.600006,286.205688,365.811615,-0.009769,5924,2,1,1
53422069,295.644531,355.369598,328.600006,292.522339,295.293640,0.048840,5934,2,1,1
53422090,302.755280,317.315826,328.600006,300.106720,360.774536,0.009769,5944,2,1,1
53422110,308.600037,266.216187,328.600006,306.488922,291.515961,0.009769,5954,2,1,1
53422131,313.147186,162.948288,318.499969,310.532410,174.405869,0.029305,5964,2,1,1
53422151,315.143372,40.577141,307.400024,312.608887,81.221550,0.029305,5974,1,1,1
53422172,314.899536,-55.409313,301.799988,313.024170,10.703616,0.029305,5984,2,1,1
53422193,312.950531,-118.806892,297.200012,312.936737,-6.925921,-0.029305,5994,2,1,1
53422213,310.222778,-146.727463,294.500000,311.144379,-91.295479,-0.029305,6004,2,1,1
53422234,307.145355,-142.694748,294.500000,308.849457,-100.110245,-0.048840,6014,2,1,1
53422255,304.329468,-124.172035,294.500000,306.008087,-147.961563,-0.029305,6024,2,1,1
53422276,301.957611,-101.571152,294.500000,304.040894,-97.591705,-0.048840,6034,2,1,1
53422297,300.056488,-79.867477,294.500000,301.833374,-98.850868,-0.029305,6044,2,1,1
53422318,298.582153,-61.103561,294.500000,300.084839,-81.221550,-0.029305,6054,2,1,1
53422339,297.465485,-45.815750,294.500000,298.751587,-62.332851,-0.029305,6064,2,1,1
53422360,296.634613,-33.826729,294.500000,297.899200,-37.147705,-0.029305,6074,2,1,1
53422381,296.024780,-24.672058,294.500000,297.002960,-40.925617,-0.029305,6084,2,1,1
53422402,295.582214,-17.817871,294.500000,296.543976,-25.814617,-0.029305,6094,2,1,1
53422423,295.263855,-12.763131,294.500000,296.216125,-18.259008,-0.029305,6104,2,1,1
53422444,295.036591,-9.079757,294.500000,295.975677,-13.222153,-0.029305,6114,2,1,1
53422465,294.875336,-6.421609,294.500000,295.778992,-9.444457,-0.029305,6124,2,1,1
53422486,294.761597,-4.518768,294.500000,295.647827,-5.666543,-0.029305,6134,2,1,1
53422507,294.681732,-3.165908,294.500000,295.560425,-4.407384,-0.029305,6144,2,1,1
53422528,294.625885,-2.209556,294.500000,295.494843,-3.148225,-0.029305,6154,2,1,1
53422549,294.586945,-1.536726,294.500000,295.451141,-3.148225,-0.029305,6164,2,1,1
53422570,294.559906,-1.065372,294.500000,295.429291,-1.888848,-0.029305,6174,2,1,1
53422591,294.541199,-0.736682,294.500000,295.407410,-1.888848,-0.029305,6184,2,1,1
53422612,294.528259,-0.508168,294.500000,295.385559,-1.888848,-0.029305,6194,2,1,1
53422633,294.519348,-0.349701,294.500000,295.385559,-0.629689,-0.029305,6204,2,1,1
53422654,294.513245,-0.240238,294.500000,295.385559,-0.629689,-0.029305,6214,2,1,1
53422675,294.509033,-0.164664,294.500000,295.363708,-0.629689,-0.029305,6224,2,1,1
53422696,294.506195,-0.112784,294.500000,295.363708,-0.629689,-0.029305,6234,2,1,1
53422717,294.504242,-0.077238,294.500000,295.363708,-0.629689,-0.029305,6244,2,1,1
53422738,294.502869,-0.052716,294.500000,295.363708,-0.629689,-0.029305,6254,2,1,1
53422759,294.501892,-0.035833,294.500000,295.341858,-0.629689,-0.029305,6264,2,1,1
53422779,294.501343,-0.024777,294.500000,295.341858,-0.629689,-0.029305,6274,2,1,1
53422800,294.500885,-0.016686,294.500000,295.341858,-0.629689,-0.029305,6284,2,1,1
53422821,294.500610,-0.011420,294.500000,295.341858,-0.629689,-0.029305,6294,2,1,1
53422841,294.500336,-0.007764,294.500000,295.341858,-0.629689,-0.029305,6304,2,1,1
53422862,294.500244,-0.004826,294.500000,295.341858,-0.629689,-0.029305,6314,2,1,1
53422883,294.500244,-0.003456,294.500000,295.341858,-0.629689,-0.029305,6324,2,1,1
53422903,294.500244,-0.002890,294.500000,295.341858,-0.629689,-0.029305,6334,2,1,1
53422924,294.500244,-0.002628,294.500000,295.341858,-0.629689,-0.029305,6344,2,1,1
53422945,294.500244,-0.002516,294.500000,295.341858,-0.629689,-0.029305,6354,2,1,1
53422965,294.500244,-0.002471,294.500000,295.341858,-0.629689,-0.029305,6364,2,1,1
53422986,294.500244,-0.002449,294.500000,295.341858,-0.629689,-0.029305,6374,2,1,1
53423007,294.500244,-0.002439,294.500000,295.341858,-0.629689,-0.029305,6384,2,1,1
53423027,294.500244,-0.002436,294.500000,295.341858,-0.629689,-0.029305,6394,2,1,1
53423048,294.500244,-0.002434,294.500000,295.341858,-0.629689,-0.029305,6404,2,1,1
53423068,294.500244,-0.002434,294.500000,295.320007,-0.629689,-0.029305,6414,1,1,1
53423089,294.500244,-0.002434,294.500000,295.320007,-0.629689,-0.029305,6424,2,1,1
53423110,294.500244,-0.002433,294.500000,295.320007,-0.629689,-0.029305,6434,2,1,1
53423131,294.500244,-0.002432,294.500000,295.320007,-0.629689,-0.029305,6444,2,1,1
53423151,294.500244,-0.002433,294.500000,295.320007,-0.629689,-0.029305,6454,2,1,1
53423172,294.500244,-0.002433,294.500000,295.320007,-0.629689,-0.029305,6464,2,1,1
53423192,294.500244,-0.002434,294.500000,295.320007,-0.629689,-0.029305,6474,1,1,1
53423213,294.500244,-0.002433,294.500000,295.320007,-0.629689,-0.029305,6484,2,1,1
53423234,294.500244,-0.002433,294.500000,295.320007,-0.629689,-0.029305,6494,2,1,1
53423254,294.500244,-0.002434,294.500000,295.320007,-0.629689,-0.029305,6504,2,1,1
53423275,294.500244,-0.002433,294.500000,295.320007,-0.629689,-0.029305,6514,2,1,1
53423296,294.500244,-0.002432,294.500000,295.320007,-0.629689,-0.029305,6524,2,1,1
53423316,294.500244,-0.002433,294.500000,295.320007,-0.629689,-0.029305,6534,2,1,1
53423337,294.500244,-0.002433,294.500000,295.320007,-0.629689,-0.029305,6544,2,1,1
53423358,294.500244,-0.002432,294.500000,295.320007,-0.629689,-0.029305,6554,2,1,1
53423378,294.500244,-0.002433,294.500000,295.320007,-0.629689,-0.029305,6564,2,1,1
53423399,294.500244,-0.002433,294.500000,295.320007,-0.629689,-0.029305,6574,2,1,1
53423420,294.500244,-0.002433,294.500000,295.320007,-0.629689,-0.029305,6584,2,1,1
53423441,294.500244,-0.002432,294.500000,295.320007,-0.629689,-0.029305,6594,2,1,1
53423462,294.500244,-0.002432,294.500000,295.320007,-0.629689,-0.029305,6604,2,1,1
53423483,294.500244,-0.002432,294.500000,295.320007,-0.629689,-0.029305,6614,2,1,1
53423504,294.500244,-0.002432,294.500000,295.320007,-0.629689,-0.029305,6624,2,1,1
53423524,294.500244,-0.002433,294.500000,295.320007,-0.629689,-0.029305,6634,2,1,1
53423545,294.500244,-0.002433,294.500000,295.320007,-0.629689,-0.029305,6644,2,1,1
53423566,294.500244,-0.002432,294.500000,295.320007,-0.629689,-0.029305,6654,2,1,1
53423586,294.500244,-0.002433,294.500000,295.320007,-0.629689,-0.029305,6664,2,1,1
53423607,294.500244,-0.002433,294.500000,295.320007,-0.629689,-0.029305,6674,2,1,1
53423628,294.500244,-0.002433,294.500000,295.320007,-0.629689,-0.029305,6684,2,1,1
53423649,294.500244,-0.002432,294.500000,295.320007,-0.629689,-0.029305,6694,2,1,1
53423669,294.500244,-0.002433,294.500000,295.320007,-0.629689,-0.029305,6704,1,1,1
53423690,294.500244,-0.002433,294.500000,295.320007,-0.629689,-0.029305,6714,2,1,1
53423711,294.500244,-0.002433,294.500000,295.320007,-0.629689,-0.029305,6724,2,1,1
53423731,294.500244,-0.002434,294.500000,295.320007,-0.629689,-0.029305,6734,2,1,1
53423752,294.500244,-0.002433,294.500000,295.320007,-0.629689,-0.029305,6744,2,1,1
53423773,294.500244,-0.002433,294.500000,295.320007,-0.629689,-0.029305,6754,2,1,1
53423793,294.500244,-0.002434,294.500000,295.320007,-0.629689,-0.029305,6764,2,1,1
53423814,294.500244,-0.002433,294.500000,295.320007,-0.629689,-0.029305,6774,2,1,1
53423835,294.500244,-0.002432,294.500000,295.320007,-0.629689,-0.029305,6784,2,1,1
53423855,294.500244,-0.002433,294.500000,295.320007,-0.629689,-0.029305,6794,2,1,1
53423876,294.500244,-0.002433,294.500000,295.320007,-0.629689,-0.029305,6804,2,1,1
53423896,294.500244,-0.002434,294.500000,295.320007,-0.629689,-0.029305,6814,1,1,1
53423917,294.500244,-0.002433,294.500000,295.320007,-0.629689,-0.029305,6824,2,1,1
53423938,294.500244,-0.002433,294.500000,295.320007,-0.629689,-0.029305,6834,2,1,1
53423958,294.500244,-0.002433,294.500000,295.320007,-0.629689,-0.029305,6844,2,1,1
53423979,294.500244,-0.002433,294.500000,295.320007,-0.629689,-0.029305,6854,2,1,1
53424000,294.500244,-0.002432,294.500000,295.320007,-0.629689,-0.029305,6864,2,1,1
53424020,294.500244,-0.002433,294.500000,295.320007,-0.629689,-0.029305,6874,2,1,1
53424041,294.500244,-0.002433,294.500000,295.320007,-0.629689,-0.029305,6884,2,1,1
53424062,294.500244,-0.002432,294.500000,295.320007,-0.629689,-0.029305,6894,2,1,1
53424082,294.500244,-0.002433,294.500000,295.320007,-0.629689,-0.029305,6904,2,1,1
53424103,294.500244,-0.002433,294.500000,295.320007,-0.629689,-0.029305,6914,2,1,1
53424123,294.500244,-0.002434,294.500000,295.320007,-0.629689,-0.029305,6924,2,1,1
53424144,294.500244,-0.002433,294.500000,295.320007,-0.629689,-0.029305,6934,2,1,1
53424165,294.500244,-0.002433,294.500000,295.320007,-0.629689,-0.029305,6944,2,1,1
53424185,294.500244,-0.002434,294.500000,295.320007,-0.629689,-0.029305,6954,2,1,1
53424206,294.500244,-0.002433,294.500000,295.320007,-0.629689,-0.029305,6964,2,1,1
53424227,294.500244,-0.002433,294.500000,295.320007,-0.629689,-0.029305,6974,2,1,1
53424247,294.500244,-0.002433,294.500000,295.320007,-0.629689,-0.029305,6984,2,1,1
53424268,294.500244,-0.002433,294.500000,295.320007,-0.629689,-0.029305,6994,2,1,1
53424288,294.500244,-0.002434,294.500000,295.320007,-0.629689,-0.029305,7004,1,1,1
53424309,294.500244,-0.002433,294.500000,295.320007,-0.629689,-0.029305,7014,2,1,1
53424330,294.500244,-0.002433,294.500000,295.320007,-0.629689,-0.029305,7024,2,1,1
53424350,294.500244,-0.002434,294.500000,295.320007,-0.629689,-0.029305,7034,2,1,1
53424371,294.500244,-0.002433,294.500000,295.320007,-0.629689,-0.029305,7044,2,1,1
53424392,294.500244,-0.002433,294.500000,295.320007,-0.629689,-0.029305,7054,2,1,1
53424412,294.500244,-0.002433,294.500000,295.320007,-0.629689,-0.029305,7064,2,1,1
53424433,294.500244,-0.002433,294.500000,295.298126,-0.629689,-0.029305,7074,2,1,1
53424454,294.500244,-0.002432,294.500000,295.320007,-0.629689,-0.029305,7084,2,1,1
53424474,294.500244,-0.002433,294.500000,295.320007,-0.629689,-0.029305,7094,2,1,1
53424495,294.500244,-0.002433,294.500000,295.320007,-0.629689,-0.029305,7104,2,1,1
53424516,294.500244,-0.002432,294.500000,295.298126,-0.629689,-0.029305,7114,2,1,1
53424536,294.500244,-0.002433,294.500000,295.298126,-0.629689,-0.029305,7124,2,1,1
53424557,294.500244,-0.002433,294.500000,295.320007,-0.629689,-0.029305,7134,2,1,1
53424577,294.500244,-0.002434,294.500000,295.320007,-0.629689,-0.029305,7144,1,1,1
53424598,294.500244,-0.002433,294.500000,295.298126,-0.629689,-0.029305,7154,2,1,1
53424619,294.500244,-0.002433,294.500000,295.298126,-0.629689,-0.029305,7164,2,1,1
53424639,294.500244,-0.002434,294.500000,295.298126,-0.629689,-0.029305,7174,2,1,1
53424660,294.500244,-0.002433,294.500000,295.298126,-0.629689,-0.029305,7184,2,1,1
53424681,294.500244,-0.002433,294.500000,295.298126,-0.629689,-0.029305,7194,2,1,1
53424701,294.500244,-0.002433,294.500000,295.320007,-0.629689,-0.029305,7204,2,1,1
53424722,294.500244,-0.002433,294.500000,295.298126,-0.629689,-0.029305,7214,2,1,1
53424743,294.500244,-0.002433,294.500000,295.298126,-0.629689,-0.029305,7224,2,1,1
53424763,294.500244,-0.002433,294.500000,295.298126,-0.629689,-0.029305,7234,2,1,1
53424784,294.500244,-0.002433,294.500000,295.298126,-0.629689,-0.029305,7244,2,1,1
53424805,294.500244,-0.002432,294.500000,295.298126,-0.629689,-0.029305,7254,2,1,1
53424825,294.500244,-0.002433,294.500000,295.298126,-0.629689,-0.029305,7264,2,1,1
53424846,294.500244,-0.002433,294.500000,295.298126,-0.629689,-0.029305,7274,2,1,1
53424866,294.500244,-0.002434,294.500000,295.298126,-0.629689,-0.029305,7284,2,1,1
53424887,294.500244,-0.002433,294.500000,295.298126,-0.629689,-0.029305,7294,2,1,1
53424908,294.500244,-0.002433,294.500000,295.298126,-0.629689,-0.029305,7304,2,1,1
53424928,294.500244,-0.002433,294.500000,295.298126,-0.629689,-0.029305,7314,2,1,1
53424949,294.500244,-0.002433,294.500000,295.298126,-0.629689,-0.029305,7324,2,1,1
53424970,294.500244,-0.002432,294.500000,295.298126,-0.629689,-0.029305,7334,2,1,1
53424990,294.500244,-0.002433,294.500000,295.298126,-0.629689,-0.029305,7344,2,1,1
53425011,294.500244,-0.002433,294.500000,295.298126,-0.629689,-0.029305,7354,2,1,1
53425032,294.500244,-0.002432,294.500000,295.298126,-0.629689,-0.029305,7364,2,1,1
53425052,294.500244,-0.002433,294.500000,295.298126,-0.629689,-0.029305,7374,2,1,1
53425073,294.500244,-0.002433,294.500000,295.298126,-0.629689,-0.029305,7384,2,1,1
53425093,294.500244,-0.002434,294.500000,295.298126,-0.629689,-0.029305,7394,2,1,1
53425114,294.500244,-0.002433,294.500000,295.298126,-0.629689,-0.029305,7404,2,1,1
53425135,294.500244,-0.002433,294.500000,295.298126,-0.629689,-0.029305,7414,2,1,1
53425155,294.500244,-0.002434,294.500000,295.298126,-0.629689,-0.029305,7424,2,1,1
53425176,294.500244,-0.002433,294.500000,295.298126,-0.629689,-0.029305,7434,2,1,1
53425197,294.500244,-0.002432,294.500000,295.298126,-0.629689,-0.029305,7444,2,1,1
53425217,294.500244,-0.002433,294.500000,295.298126,-1.888848,-0.029305,7454,2,1,1
53425238,294.500244,-0.002433,294.500000,295.298126,-0.629689,-0.029305,7464,2,1,1
53425258,294.500244,-0.002434,294.500000,295.298126,-0.629689,-0.029305,7474,2,1,1
53425279,294.500244,-0.002433,294.500000,295.298126,-0.629689,-0.029305,7484,2,1,1
53425300,294.500244,-0.002433,294.500000,295.298126,-0.629689,-0.029305,7494,2,1,1
53425320,294.500244,-0.002434,294.500000,295.298126,-0.629689,-0.029305,7504,2,1,1
53425341,294.500244,-0.002433,294.500000,295.298126,-0.629689,-0.029305,7514,2,1,1
53425362,294.500244,-0.002432,294.500000,295.298126,-0.629689,-0.029305,7524,2,1,1
53425382,294.500244,-0.002433,294.500000,295.298126,-0.629689,-0.029305,7534,2,1,1
53425403,294.500244,-0.002433,294.500000,295.298126,-0.629689,-0.029305,7544,2,1,1
53425423,294.500244,-0.002434,294.500000,295.298126,-0.629689,-0.029305,7554,2,1,1
53425444,294.500244,-0.002433,294.500000,295.298126,-0.629689,-0.029305,7564,2,1,1
53425465,294.500244,-0.002433,294.500000,295.298126,-0.629689,-0.029305,7574,2,1,1
53425485,294.500244,-0.002434,294.500000,295.298126,-0.629689,-0.029305,7584,2,1,1
53425506,294.500244,-0.002433,294.500000,295.298126,-0.629689,-0.029305,7594,2,1,1
53425527,294.500244,-0.002432,294.500000,295.298126,-0.629689,-0.029305,7604,2,1,1
53425547,294.500244,-0.002433,294.500000,295.298126,-0.629689,-0.029305,7614,2,1,1
53425568,294.500244,-0.002433,294.500000,295.298126,-0.629689,-0.029305,7624,2,1,1
53425589,294.500244,-0.002432,294.500000,295.298126,-0.629689,-0.029305,7634,2,1,1
53425609,294.500244,-0.002433,294.500000,295.298126,-0.629689,-0.029305,7644,2,1,1
53425630,294.500244,-0.002433,294.500000,295.298126,-0.629689,-0.029305,7654,2,1,1
53425650,294.500244,-0.002434,294.500000,295.298126,-0.629689,-0.029305,7664,2,1,1
53425671,294.500244,-0.002433,294.500000,295.298126,-0.629689,-0.029305,7674,2,1,1
53425692,294.500244,-0.002432,294.500000,295.298126,-0.629689,-0.029305,7684,2,1,1
53425712,294.500244,-0.002433,294.500000,295.298126,-0.629689,-0.029305,7694,2,1,1
53425733,294.500244,-0.002433,294.500000,295.298126,-0.629689,-0.029305,7704,2,1,1
53425753,294.500244,-0.002434,294.500000,295.298126,-0.629689,-0.029305,7714,1,1,1
53425774,294.500244,-0.002433,294.500000,295.298126,-0.629689,-0.029305,7724,2,1,1
53425795,294.500244,-0.002433,294.500000,295.298126,-0.629689,-0.029305,7734,2,1,1
53425815,294.500244,-0.002434,294.500000,295.298126,-0.629689,-0.029305,7744,2,1,1
53425836,294.500244,-0.002433,294.500000,295.298126,-0.629689,-0.029305,7754,2,1,1
53425857,294.500244,-0.002432,294.500000,295.298126,-0.629689,-0.029305,7764,2,1,1
53425877,294.500244,-0.002433,294.500000,295.298126,-0.629689,-0.029305,7774,2,1,1
53425898,294.500244,-0.002433,294.500000,295.298126,-0.629689,-0.029305,7784,2,1,1
53425918,294.500244,-0.002434,294.500000,295.298126,-0.629689,-0.029305,7794,2,1,1
53425939,294.500244,-0.002433,294.500000,295.298126,-0.629689,-0.029305,7804,2,1,1
53425960,294.500244,-0.002433,294.500000,295.298126,-0.629689,-0.029305,7814,2,1,1
53425980,294.500244,-0.002434,294.500000,295.298126,-0.629689,-0.029305,7824,2,1,1
53426001,294.500244,-0.002433,294.500000,295.298126,-0.629689,-0.029305,7834,2,1,1
53426022,294.500244,-0.002432,294.500000,295.298126,-0.629689,-0.029305,7844,2,1,1
53426042,294.500244,-0.002433,294.500000,295.298126,-0.629689,-0.029305,7854,2,1,1
53426063,294.500244,-0.002433,294.500000,295.298126,-0.629689,-0.029305,7864,2,1,1
53426083,294.500244,-0.002434,294.500000,295.298126,-0.629689,-0.029305,7874,2,1,1
53426104,294.500244,-0.002433,294.500000,295.298126,-0.629689,-0.029305,7884,2,1,1
53426125,294.500244,-0.002432,294.500000,295.298126,-0.629689,-0.029305,7894,2,1,1
53426145,294.500244,-0.002433,294.500000,295.298126,-0.629689,-0.029305,7904,2,1,1
53426166,294.500244,-0.002433,294.500000,295.298126,-0.629689,-0.029305,7914,2,1,1
53426186,294.500244,-0.002434,294.500000,295.298126,-0.629689,-0.029305,7924,1,1,1
53426207,294.500244,-0.002433,294.500000,295.298126,-0.629689,-0.029305,7934,2,1,1
53426228,294.500244,-0.002433,294.500000,295.298126,-0.629689,-0.029305,7944,2,1,1
53426248,294.500244,-0.002434,294.500000,295.298126,-0.629689,-0.029305,7954,2,1,1
53426269,294.500244,-0.002433,294.500000,295.298126,-0.629689,-0.029305,7964,2,1,1
53426290,294.500244,-0.002432,294.500000,295.298126,-0.629689,-0.029305,7974,2,1,1
53426310,294.500244,-0.002433,294.500000,295.298126,-0.629689,-0.029305,7984,2,1,1
53426331,294.500244,-0.002433,294.500000,295.298126,-0.629689,-0.029305,7994,2,1,1
53426351,294.500244,-0.002434,294.500000,295.298126,-0.629689,-0.029305,8004,1,1,1
53426372,294.500244,-0.002433,294.500000,295.298126,-0.629689,-0.029305,8014,2,1,1
53426393,294.500244,-0.002433,294.500000,295.298126,-0.629689,-0.029305,8024,2,1,1
53426413,294.500244,-0.002433,294.500000,295.298126,-0.629689,-0.029305,8034,2,1,1
53426434,294.500244,-0.002433,294.500000,295.298126,-0.629689,-0.029305,8044,2,1,1
53426455,294.500244,-0.002432,294.500000,295.298126,-0.629689,-0.029305,8054,2,1,1
53426475,294.500244,-0.002433,294.500000,295.298126,-0.629689,-0.029305,8064,2,1,1
53426496,294.500244,-0.002433,294.500000,295.298126,-0.629689,-0.029305,8074,2,1,1
53426516,294.500244,-0.002434,294.500000,295.298126,-0.629689,-0.029305,8084,1,1,1
53426537,294.500244,-0.002433,294.500000,295.298126,-0.629689,-0.029305,8094,2,1,1
53426558,294.500244,-0.002433,294.500000,295.298126,-0.629689,-0.029305,8104,2,1,1
53426578,294.500244,-0.002434,294.500000,295.298126,-0.629689,-0.029305,8114,2,1,1
53426599,294.500244,-0.002433,294.500000,295.298126,-0.629689,-0.029305,8124,2,1,1
53426620,294.500244,-0.002433,294.500000,295.298126,-0.629689,-0.029305,8134,2,1,1
53426640,294.500244,-0.002433,294.500000,295.298126,-0.629689,-0.029305,8144,2,1,1
53426661,294.500244,-0.002433,294.500000,295.298126,-0.629689,-0.029305,8154,2,1,1
53426682,294.500244,-0.002432,294.500000,295.298126,-0.629689,-0.029305,8164,2,1,1
53426702,294.500244,-0.002433,294.500000,295.298126,-0.629689,-0.029305,8174,2,1,1
53426723,294.500244,-0.002433,294.500000,295.298126,-0.629689,-0.029305,8184,2,1,1
53426743,294.500244,-0.002434,294.500000,295.298126,-0.629689,-0.029305,8194,1,1,1
53426764,294.500244,-0.002433,294.500000,295.298126,-0.629689,-0.029305,8204,2,1,1
53426785,294.500244,-0.002433,294.500000,295.298126,-0.629689,-0.029305,8214,2,1,1
53426805,294.500244,-0.002434,294.500000,295.298126,-0.629689,-0.029305,8224,1,1,1
53426826,294.500244,-0.002433,294.500000,295.298126,-0.629689,-0.029305,8234,2,1,1
53426847,294.500244,-0.002433,294.500000,295.298126,-0.629689,-0.029305,8244,2,1,1
53426867,294.500244,-0.002434,294.500000,295.298126,-0.629689,-0.029305,8254,2,1,1
53426888,294.500244,-0.002433,294.500000,295.298126,-0.629689,-0.029305,8264,2,1,1
53426909,294.500244,-0.002433,294.500000,295.298126,-0.629689,-0.029305,8274,2,1,1
53426929,294.500244,-0.002434,294.500000,295.298126,-0.629689,-0.029305,8284,1,1,1
53426950,294.500244,-0.002433,294.500000,295.298126,-0.629689,-0.029305,8294,2,1,1
53426971,294.500244,-0.002433,294.500000,295.298126,-0.629689,-0.029305,8304,2,1,1
53426991,294.500244,-0.002433,294.500000,295.298126,-0.629689,-0.029305,8314,2,1,1
53427012,294.500244,-0.002433,294.500000,295.298126,-0.629689,-0.029305,8324,2,1,1
53427033,294.500244,-0.002432,294.500000,295.298126,-0.629689,-0.029305,8334,2,1,1
53427053,294.500244,-0.002433,294.500000,295.298126,-0.629689,-0.029305,8344,2,1,1
53427074,294.500244,-0.002433,294.500000,295.298126,-0.629689,-0.029305,8354,2,1,1
53427094,294.500244,-0.002434,294.500000,295.298126,-0.629689,-0.029305,8364,2,1,1
53427115,294.500244,-0.002433,294.500000,295.298126,-0.629689,-0.029305,8374,2,1,1
53427136,294.500244,-0.002432,294.500000,295.298126,-0.629689,-0.029305,8384,2,1,1
53427156,294.500244,-0.002433,294.500000,295.298126,-0.629689,-0.029305,8394,2,1,1
53427177,294.500244,-0.002433,294.500000,295.298126,-0.629689,-0.029305,8404,2,1,1
53427197,294.500244,-0.002434,294.500000,295.298126,-0.629689,-0.029305,8414,1,1,1
53427218,294.500244,-0.002433,294.500000,295.298126,-0.629689,-0.029305,8424,2,1,1
53427239,294.500244,-0.002433,294.500000,295.298126,-0.629689,-0.029305,8434,2,1,1
53427259,294.500244,-0.002434,294.500000,295.298126,-0.629689,-0.029305,8444,1,1,1
53427280,294.500244,-0.002433,294.500000,295.298126,-0.629689,-0.029305,8454,2,1,1
53427301,294.500244,-0.002433,294.500000,295.298126,-0.629689,-0.029305,8464,2,1,1
53427321,294.500244,-0.002434,294.500000,295.298126,-0.629689,-0.029305,8474,2,1,1
53427342,294.500244,-0.002433,294.500000,295.298126,-0.629689,-0.029305,8484,2,1,1
53427363,294.500244,-0.002432,294.500000,295.298126,-0.629689,-0.029305,8494,2,1,1
53427383,294.500244,-0.002433,294.500000,295.298126,-0.629689,-0.029305,8504,2,1,1
53427404,294.500244,-0.002433,294.500000,295.298126,-0.629689,-0.029305,8514,2,1,1
53427425,294.500244,-0.002432,294.500000,295.298126,-0.629689,-0.029305,8524,2,1,1
53427445,294.500244,-0.002433,294.500000,295.298126,-0.629689,-0.029305,8534,2,1,1
53427466,294.500244,-0.002433,294.500000,295.298126,-0.629689,-0.029305,8544,2,1,1
53427487,294.500244,-0.002433,294.500000,295.298126,-0.629689,-0.029305,8554,2,1,1
53427508,294.500244,-0.002432,294.500000,295.298126,-0.629689,-0.029305,8564,2,1,1
53427528,294.500244,-0.002433,294.500000,295.298126,-0.629689,-0.029305,8574,2,1,1
53427549,294.500244,-0.002433,294.500000,295.298126,-0.629689,-0.029305,8584,2,1,1
53427570,294.500244,-0.002433,294.500000,295.298126,-0.629689,-0.029305,8594,2,1,1
53427591,294.500244,-0.002432,294.500000,295.298126,-0.629689,-0.029305,8604,2,1,1
53427612,294.500244,-0.002432,294.500000,295.298126,-0.629689,-0.029305,8614,2,1,1
53427633,294.500244,-0.002432,294.500000,295.298126,-0.629689,-0.029305,8624,2,1,1
53427654,294.500244,-0.002432,294.500000,295.298126,-0.629689,-0.029305,8634,2,1,1
53427675,294.500244,-0.002432,294.500000,295.298126,-0.629689,-0.029305,8644,2,1,1
53427696,294.500244,-0.002432,294.500000,295.298126,-0.629689,-0.029305,8654,2,1,1
53427717,294.500244,-0.002432,294.500000,295.298126,-0.629689,-0.029305,8664,2,1,1
53427738,294.500244,-0.002433,294.500000,295.298126,-0.629689,-0.029305,8674,2,1,1
53427759,294.500244,-0.002433,294.500000,295.298126,-0.629689,-0.029305,8684,2,1,1
53427780,294.500244,-0.002433,294.500000,295.298126,-0.629689,-0.029305,8694,2,1,1
53427801,294.500244,-0.002433,294.500000,295.298126,-0.629689,-0.029305,8704,2,1,1
53427822,294.500244,-0.002433,294.500000,295.298126,-0.629689,-0.029305,8714,2,1,1
53427843,294.500244,-0.002433,294.500000,295.298126,-0.629689,-0.029305,8724,2,1,1
53427864,294.500244,-0.002433,294.500000,295.298126,-0.629689,-0.029305,8734,2,1,1
53427885,294.500244,-0.002433,294.500000,295.298126,-0.629689,-0.029305,8744,2,1,1
53427906,294.500244,-0.002433,294.500000,295.298126,-0.629689,-0.029305,8754,2,1,1
53427927,294.500244,-0.002433,294.500000,295.298126,-0.629689,-0.029305,8764,2,1,1
53427948,294.500244,-0.002433,294.500000,295.298126,-0.629689,-0.029305,8774,2,1,1
53427969,294.500244,-0.002433,294.500000,295.298126,-0.629689,-0.029305,8784,2,1,1
53427990,294.500244,-0.002433,294.500000,295.298126,-0.629689,-0.029305,8794,2,1,1
53428011,294.500244,-0.002433,294.500000,295.298126,-0.629689,-0.029305,8804,2,1,1
53428032,294.500244,-0.002433,294.500000,295.298126,-0.629689,-0.029305,8814,2,1,1
53428053,294.500244,-0.002433,294.500000,295.298126,-0.629689,-0.029305,8824,2,1,1
53428074,294.500244,-0.002433,294.500000,295.298126,-0.629689,-0.029305,8834,2,1,1
53428095,294.500244,-0.002432,294.500000,295.298126,-0.629689,-0.029305,8844,2,1,1
53428116,294.500244,-0.002432,294.500000,295.298126,-0.629689,-0.029305,8854,2,1,1
53428136,294.500244,-0.002433,294.500000,295.298126,-0.629689,-0.029305,8864,2,1,1
53428157,294.500244,-0.002433,294.500000,295.298126,-0.629689,-0.029305,8874,2,1,1
53428178,294.500244,-0.002433,294.500000,295.298126,-0.629689,-0.029305,8884,2,1,1
53428199,294.500244,-0.002432,294.500000,295.298126,-0.629689,-0.029305,8894,2,1,1
53428219,294.500244,-0.002433,294.500000,295.298126,-0.629689,-0.029305,8904,2,1,1
53428240,294.500244,-0.002433,294.500000,295.298126,-0.629689,-0.029305,8914,2,1,1
53428261,294.500244,-0.002433,294.500000,295.298126,-0.629689,-0.029305,8924,2,1,1
53428282,294.500244,-0.002433,294.500000,295.298126,-0.629689,-0.029305,8934,2,1,1
53428303,294.500244,-0.002433,294.500000,295.298126,-0.629689,-0.029305,8944,2,1,1
53428324,294.500244,-0.002433,294.500000,295.298126,-0.629689,-0.029305,8954,2,1,1
53428345,294.500244,-0.002433,294.500000,295.298126,-0.629689,-0.029305,8964,2,1,1
53428366,294.500244,-0.002433,294.500000,295.298126,-0.629689,-0.029305,8974,2,1,1
53428387,294.500244,-0.002433,294.500000,295.298126,-0.629689,-0.029305,8984,2,1,1
53428408,294.500244,-0.002433,294.500000,295.298126,-0.629689,-0.029305,8994,2,1,1
53428429,294.500244,-0.002433,294.500000,295.298126,-0.629689,-0.029305,9004,2,1,1
53428450,294.500244,-0.002433,294.500000,295.298126,-0.629689,-0.029305,9014,2,1,1
53428471,294.500244,-0.002433,294.500000,295.298126,-0.629689,-0.029305,9024,2,1,1
53428492,294.500244,-0.002433,294.500000,295.298126,-0.629689,-0.029305,9034,2,1,1
53428513,294.500244,-0.002433,294.500000,295.298126,-0.629689,-0.029305,9044,2,1,1
53428534,294.500244,-0.002433,294.500000,295.298126,-0.629689,-0.029305,9054,2,1,1
53428555,294.500244,-0.002433,294.500000,295.298126,-0.629689,-0.029305,9064,2,1,1
53428576,294.500244,-0.002433,294.500000,295.298126,-0.629689,-0.029305,9074,2,1,1
53428597,294.500244,-0.002433,294.500000,295.298126,-0.629689,-0.029305,9084,2,1,1
53428618,294.500244,-0.002433,294.500000,295.298126,-0.629689,-0.029305,9094,2,1,1
53428639,294.500244,-0.002433,294.500000,295.298126,-0.629689,-0.029305,9104,2,1,1
53428660,294.500244,-0.002432,294.500000,295.298126,-0.629689,-0.029305,9114,2,1,1
53428680,294.500244,-0.002433,294.500000,295.298126,-0.629689,-0.029305,9124,1,1,1
53428701,294.500244,-0.002433,294.500000,295.298126,-0.629689,-0.029305,9134,2,1,1
53428722,294.500244,-0.002433,294.500000,295.298126,-0.629689,-0.029305,9144,2,1,1
53428743,294.500244,-0.002432,294.500000,295.298126,-0.629689,-0.029305,9154,2,1,1
53428763,294.500244,-0.002433,294.500000,295.298126,-0.629689,-0.029305,9164,2,1,1
53428784,294.500244,-0.002433,294.500000,295.298126,-0.629689,-0.029305,9174,2,1,1
53428805,294.500244,-0.002432,294.500000,295.298126,-0.629689,-0.029305,9184,2,1,1
53428825,294.500244,-0.002433,294.500000,295.298126,-0.629689,-0.029305,9194,2,1,1
53428846,294.500244,-0.002433,294.500000,295.298126,-0.629689,-0.029305,9204,2,1,1
53428867,294.500244,-0.002433,294.500000,295.298126,-0.629689,-0.029305,9214,2,1,1
53428887,294.500244,-0.002433,294.500000,295.298126,-0.629689,-0.029305,9224,2,1,1
53428908,294.500244,-0.002433,294.500000,295.298126,-0.629689,-0.029305,9234,2,1,1
53428929,294.500244,-0.002433,294.500000,295.298126,-0.629689,-0.029305,9244,2,1,1
53428950,294.500244,-0.002432,294.500000,295.298126,-0.629689,-0.029305,9254,2,1,1
53428971,294.500244,-0.002432,294.500000,295.298126,-0.629689,-0.029305,9264,2,1,1
53428992,294.500244,-0.002433,294.500000,295.298126,-0.629689,-0.029305,9274,2,1,1
53429013,294.500244,-0.002433,294.500000,295.298126,-0.629689,-0.029305,9284,2,1,1
53429034,294.500244,-0.002433,294.500000,295.298126,-0.629689,-0.029305,9294,2,1,1
53429055,294.500244,-0.002433,294.500000,295.298126,-0.629689,-0.029305,9304,2,1,1
53429076,294.500244,-0.002433,294.500000,295.298126,-0.629689,-0.029305,9314,2,1,1
53429097,294.500244,-0.002433,294.500000,295.298126,-0.629689,-0.029305,9324,2,1,1
53429118,294.500244,-0.002433,294.500000,295.298126,-0.629689,-0.029305,9334,2,1,1
53429139,294.500244,-0.002433,294.500000,295.298126,-0.629689,-0.029305,9344,2,1,1
53429160,294.500244,-0.002433,294.500000,295.298126,-0.629689,-0.029305,9354,2,1,1
53429181,294.500244,-0.002432,294.500000,295.298126,-0.629689,-0.029305,9364,2,1,1
53429201,294.500244,-0.002433,294.500000,295.298126,-0.629689,-0.029305,9374,2,1,1
53429222,294.500244,-0.002433,294.500000,295.298126,-0.629689,-0.029305,9384,2,1,1
53429243,294.500244,-0.002433,294.500000,295.298126,-0.629689,-0.029305,9394,2,1,1
53429264,294.500244,-0.002433,294.500000,295.298126,-0.629689,-0.029305,9404,2,1,1
53429284,294.500244,-0.002433,294.500000,295.298126,-0.629689,-0.029305,9414,2,1,1
53429305,294.500244,-0.002433,294.500000,295.298126,-0.629689,-0.029305,9424,2,1,1
53429326,294.500244,-0.002433,294.500000,295.298126,-0.629689,-0.029305,9434,2,1,1
53429347,294.500244,-0.002433,294.500000,295.298126,-0.629689,-0.029305,9444,2,1,1
53429368,294.500244,-0.002433,294.500000,295.298126,-0.629689,-0.029305,9454,2,1,1
53429389,294.500244,-0.002433,294.500000,295.298126,-0.629689,-0.029305,9464,2,1,1
53429410,294.500244,-0.002433,294.500000,295.298126,-0.629689,-0.029305,9474,2,1,1
53429431,294.500244,-0.002433,294.500000,295.298126,-0.629689,-0.029305,9484,2,1,1
53429452,294.500244,-0.002433,294.500000,295.298126,-0.629689,-0.029305,9494,2,1,1
53429473,294.500244,-0.002433,294.500000,295.298126,-0.629689,-0.029305,9504,2,1,1
53429494,294.500244,-0.002433,294.500000,295.298126,-0.629689,-0.029305,9514,2,1,1
53429515,294.500244,-0.002433,294.500000,295.298126,-0.629689,-0.029305,9524,2,1,1
53429536,294.500244,-0.002432,294.500000,295.298126,-0.629689,-0.029305,9534,2,1,1
53429557,294.500244,-0.002432,294.500000,295.298126,-0.629689,-0.029305,9544,2,1,1
53429578,294.500244,-0.002432,294.500000,295.298126,-0.629689,-0.029305,9554,2,1,1
53429599,294.500244,-0.002432,294.500000,295.298126,-0.629689,-0.029305,9564,2,1,1
53429620,294.500244,-0.002432,294.500000,295.298126,-0.629689,-0.029305,9574,2,1,1
53429641,294.500244,-0.002432,294.500000,295.298126,-0.629689,-0.029305,9584,2,1,1
53429662,294.500244,-0.002432,294.500000,295.298126,-0.629689,-0.029305,9594,2,1,1
53429683,294.500244,-0.002432,294.500000,295.298126,-0.629689,-0.029305,9604,2,1,1
53429704,294.500244,-0.002432,294.500000,295.298126,-0.629689,-0.029305,9614,2,1,1
53429725,294.500244,-0.002432,294.500000,295.298126,-0.629689,-0.029305,9624,2,1,1
53429746,294.500244,-0.002432,294.500000,295.298126,-0.629689,-0.029305,9634,2,1,1
53429767,294.500244,-0.002432,294.500000,295.298126,-0.629689,-0.029305,9644,2,1,1
53429788,294.500244,-0.002432,294.500000,295.298126,-0.629689,-0.029305,9654,2,1,1
53429809,294.500244,-0.002432,294.500000,295.298126,-0.629689,-0.029305,9664,2,1,1
53429830,294.500244,-0.002432,294.500000,295.298126,-0.629689,-0.029305,9674,2,1,1
53429851,294.500244,-0.002432,294.500000,295.298126,-0.629689,-0.029305,9684,2,1,1
53429872,294.500244,-0.002432,294.500000,295.298126,-0.629689,-0.029305,9694,2,1,1
53429893,294.500244,-0.002432,294.500000,295.298126,-0.629689,-0.029305,9704,2,1,1
53429914,294.500244,-0.002432,294.500000,295.298126,-0.629689,-0.029305,9714,2,1,1
53429934,294.500244,-0.002433,294.500000,295.298126,-0.629689,-0.029305,9724,2,1,1
53429955,294.500244,-0.002433,294.500000,295.298126,-0.629689,-0.029305,9734,2,1,1
53429976,294.500244,-0.002433,294.500000,295.298126,-0.629689,-0.029305,9744,2,1,1
53429997,294.500244,-0.002433,294.500000,295.298126,-0.629689,-0.029305,9754,2,1,1
53430018,294.500244,-0.002433,294.500000,295.298126,-0.629689,-0.029305,9764,2,1,1
53430039,294.500244,-0.002433,294.500000,295.298126,-0.629689,-0.029305,9774,2,1,1
53430060,294.500244,-0.002432,294.500000,295.298126,-1.888848,-0.029305,9784,2,1,1
53430081,294.500244,-0.002432,294.500000,295.298126,-0.629689,-0.029305,9794,2,1,1
53430102,294.500244,-0.002432,294.500000,295.298126,-0.629689,-0.029305,9804,2,1,1
53430123,294.500244,-0.002433,294.500000,295.298126,-0.629689,-0.029305,9814,2,1,1
53430144,294.500244,-0.002433,294.500000,295.298126,-0.629689,-0.029305,9824,2,1,1
53430165,294.500244,-0.002433,294.500000,295.298126,-0.629689,-0.029305,9834,2,1,1
53430186,294.500244,-0.002432,294.500000,295.298126,-0.629689,-0.029305,9844,2,1,1
53430207,294.500244,-0.002432,294.500000,295.298126,-0.629689,-0.029305,9854,2,1,1
53430227,294.500244,-0.002433,294.500000,295.298126,-1.888848,-0.029305,9864,2,1,1
53430248,294.500244,-0.002433,294.500000,295.298126,-0.629689,-0.029305,9874,2,1,1
53430269,294.500244,-0.002432,294.500000,295.298126,-0.629689,-0.029305,9884,2,1,1
53430289,294.500244,-0.002433,294.500000,295.298126,-0.629689,-0.029305,9894,2,1,1
53430310,294.500244,-0.002433,294.500000,295.298126,-0.629689,-0.029305,9904,2,1,1
53430331,294.500244,-0.002433,294.500000,295.298126,-0.629689,-0.029305,9914,2,1,1
53430352,294.500244,-0.002432,294.500000,295.298126,-0.629689,-0.029305,9924,2,1,1
53430372,294.500244,-0.002433,294.500000,295.298126,-0.629689,-0.029305,9934,2,1,1
53430393,294.500244,-0.002433,294.500000,295.298126,-0.629689,-0.029305,9944,2,1,1
53430414,294.500244,-0.002433,294.500000,295.298126,-0.629689,-0.029305,9954,2,1,1
53430434,294.500244,-0.002433,294.500000,295.298126,-0.629689,-0.029305,9964,2,1,1
53430455,294.500244,-0.002433,294.500000,295.298126,-0.629689,-0.029305,9974,2,1,1
53430475,294.500244,-0.002434,294.500000,295.298126,-0.629689,-0.029305,9984,1,1,1
53430496,294.500244,-0.002433,294.500000,295.298126,-0.629689,-0.029305,9994,2,1,1
53430517,294.500244,-0.002433,294.500000,295.298126,-0.629689,-0.029305,10004,2,1,1
53430537,294.500244,-0.002434,294.500000,295.298126,-0.629689,-0.029305,10014,1,1,1
53430558,294.500244,-0.002433,294.500000,295.298126,-0.629689,-0.029305,10024,2,1,1
53430579,294.500244,-0.002433,294.500000,295.298126,-0.629689,-0.029305,10034,2,1,1
53430599,294.500244,-0.002434,294.500000,295.298126,-0.629689,-0.029305,10044,2,1,1
53430620,294.500244,-0.002433,294.500000,295.298126,-0.629689,-0.029305,10054,2,1,1
53430641,294.500244,-0.002433,294.500000,295.298126,-0.629689,-0.029305,10064,2,1,1
53430661,294.500244,-0.002433,294.500000,295.298126,-0.629689,-0.029305,10074,2,1,1
53430682,294.500244,-0.002433,294.500000,295.298126,-0.629689,-0.029305,10084,2,1,1
53430703,294.500244,-0.002432,294.500000,295.298126,-0.629689,-0.029305,10094,2,1,1
53430723,294.500244,-0.002433,294.500000,295.298126,-0.629689,-0.029305,10104,2,1,1
53430744,294.500244,-0.002433,294.500000,295.298126,-0.629689,-0.029305,10114,2,1,1
53430765,294.500244,-0.002432,294.500000,295.298126,-0.629689,-0.029305,10124,2,1,1
53430785,294.500244,-0.002433,294.500000,295.298126,-0.629689,-0.029305,10134,2,1,1
53430806,294.500244,-0.002433,294.500000,295.298126,-0.629689,-0.029305,10144,2,1,1
53430827,294.500244,-0.002432,294.500000,295.298126,-0.629689,-0.029305,10154,2,1,1
53430847,294.500244,-0.002433,294.500000,295.298126,-0.629689,-0.029305,10164,2,1,1
53430868,294.500244,-0.002433,294.500000,295.298126,-0.629689,-0.029305,10174,2,1,1
53430888,294.500244,-0.002434,294.500000,295.298126,-0.629689,-0.029305,10184,2,1,1
53430909,294.500244,-0.002433,294.500000,295.298126,-0.629689,-0.029305,10194,2,1,1
53430930,294.500244,-0.002433,294.500000,295.298126,-0.629689,-0.029305,10204,2,1,1
53430950,294.500244,-0.002433,294.500000,295.298126,-0.629689,-0.029305,10214,2,1,1
53430971,294.500244,-0.002433,294.500000,295.298126,-0.629689,-0.029305,10224,2,1,1
53430992,294.500244,-0.002432,294.500000,295.298126,-0.629689,-0.029305,10234,2,1,1
53431012,294.500244,-0.002433,294.500000,295.298126,-0.629689,-0.029305,10244,2,1,1
53431033,294.500244,-0.002433,294.500000,295.298126,-0.629689,-0.029305,10254,2,1,1
53431054,294.500244,-0.002432,294.500000,295.298126,-0.629689,-0.029305,10264,2,1,1
53431074,294.500244,-0.002433,294.500000,295.298126,-0.629689,-0.029305,10274,2,1,1
53431095,294.500244,-0.002433,294.500000,295.298126,-0.629689,-0.029305,10284,2,1,1
53431116,294.500244,-0.002432,294.500000,295.298126,-0.629689,-0.029305,10294,2,1,1
53431136,294.500244,-0.002433,294.500000,295.298126,-0.629689,-0.029305,10304,2,1,1
53431157,294.500244,-0.002433,294.500000,295.298126,-0.629689,-0.029305,10314,2,1,1
53431177,294.500244,-0.002434,294.500000,295.298126,-0.629689,-0.029305,10324,1,1,1
53431199,294.500244,-0.002432,294.500000,295.298126,-0.629689,-0.029305,10334,2,1,1
53431220,294.500244,-0.002432,294.500000,295.298126,-0.629689,-0.029305,10344,2,1,1
53431241,294.500244,-0.002432,294.500000,295.298126,-0.629689,-0.029305,10354,2,1,1
53431262,294.500244,-0.002432,294.500000,295.298126,-0.629689,-0.029305,10364,2,1,1
53431283,294.500244,-0.002432,294.500000,295.298126,-0.629689,-0.029305,10374,2,1,1
53431304,294.500244,-0.002432,294.500000,295.298126,-0.629689,-0.029305,10384,2,1,1
53431325,294.500244,-0.002432,294.500000,295.298126,-0.629689,-0.029305,10394,2,1,1
53431346,294.500244,-0.002432,294.500000,295.298126,-0.629689,-0.029305,10404,2,1,1
53431367,294.500244,-0.002432,294.500000,295.298126,-0.629689,-0.029305,10414,2,1,1
53431388,294.500244,-0.002432,294.500000,295.298126,-0.629689,-0.029305,10424,2,1,1
53431409,294.500244,-0.002432,294.500000,295.298126,-0.629689,-0.029305,10434,2,1,1
53431430,294.500244,-0.002432,294.500000,295.298126,-0.629689,-0.029305,10444,2,1,1
53431451,294.500244,-0.002432,294.500000,295.298126,-0.629689,-0.029305,10454,2,1,1
53431472,294.500244,-0.002432,294.500000,295.298126,-0.629689,-0.029305,10464,2,1,1
53431493,294.500244,-0.002432,294.500000,295.298126,-0.629689,-0.029305,10474,2,1,1
53431513,294.500244,-0.002433,294.500000,295.298126,-0.629689,-0.029305,10484,2,1,1
53431534,294.500244,-0.002433,294.500000,295.298126,-0.629689,-0.029305,10494,2,1,1
53431555,294.500244,-0.002433,294.500000,295.298126,-0.629689,-0.029305,10504,2,1,1
53431575,294.500244,-0.002433,294.500000,295.298126,-0.629689,-0.029305,10514,1,1,1
53431596,294.500244,-0.002433,294.500000,295.298126,-0.629689,-0.029305,10524,2,1,1
53431617,294.500244,-0.002433,294.500000,295.298126,-0.629689,-0.029305,10534,2,1,1
53431638,294.500244,-0.002432,294.500000,295.298126,-0.629689,-0.029305,10544,2,1,1
53431658,294.500244,-0.002433,294.500000,295.298126,-0.629689,-0.029305,10554,2,1,1
53431679,294.500244,-0.002433,294.500000,295.298126,-0.629689,-0.029305,10564,2,1,1
53431700,294.500244,-0.002433,294.500000,295.298126,-0.629689,-0.029305,10574,2,1,1
53431721,294.500244,-0.002432,294.500000,295.298126,-0.629689,-0.029305,10584,2,1,1
53431741,294.500244,-0.002433,294.500000,295.298126,-0.629689,-0.029305,10594,2,1,1
53431762,294.500244,-0.002433,294.500000,295.298126,-0.629689,-0.029305,10604,2,1,1
53431783,294.500244,-0.002433,294.500000,295.298126,-0.629689,-0.029305,10614,2,1,1
53431804,294.500244,-0.002432,294.500000,295.298126,-0.629689,-0.029305,10624,2,1,1
53431825,294.500244,-0.002432,294.500000,295.298126,-0.629689,-0.029305,10634,3,1,1
53431846,294.500244,-0.002432,294.500000,295.298126,-0.629689,-0.029305,10644,2,1,1
53431866,294.500244,-0.002433,294.500000,295.298126,-0.629689,-0.029305,10654,2,1,1
53431887,294.500244,-0.002433,294.500000,295.298126,-0.629689,-0.029305,10664,2,1,1
53431908,294.500244,-0.002433,294.500000,295.298126,-0.629689,-0.029305,10674,2,1,1
53431929,294.500244,-0.002433,294.500000,295.298126,-0.629689,-0.029305,10684,2,1,1
53431950,294.500244,-0.002433,294.500000,295.298126,-0.629689,-0.029305,10694,2,1,1
53431971,294.500244,-0.002433,294.500000,295.298126,-0.629689,-0.029305,10704,2,1,1
53431992,294.500244,-0.002433,294.500000,295.298126,-0.629689,-0.029305,10714,2,1,1
53432013,294.500244,-0.002433,294.500000,295.298126,-0.629689,-0.029305,10724,2,1,1
53432034,294.500244,-0.002433,294.500000,295.298126,-0.629689,-0.029305,10734,2,1,1
53432055,294.500244,-0.002433,294.500000,295.298126,-0.629689,-0.029305,10744,2,1,1
53432076,294.500244,-0.002432,294.500000,295.298126,-0.629689,-0.029305,10754,2,1,1
53432096,294.500244,-0.002433,294.500000,295.298126,0.629689,-0.029305,10764,2,1,1
53432117,294.500244,-0.002433,294.500000,295.298126,-0.629689,-0.029305,10774,2,1,1
53432138,294.500244,-0.002433,294.500000,295.298126,-0.629689,-0.029305,10784,2,1,1
53432159,294.500244,-0.002433,294.500000,295.298126,-0.629689,-0.029305,10794,2,1,1
53432180,294.500244,-0.002433,294.500000,295.298126,-0.629689,-0.029305,10804,2,1,1
53432200,294.500244,-0.002433,294.500000,295.298126,-0.629689,-0.029305,10814,2,1,1
53432221,294.500244,-0.002433,294.500000,295.298126,-0.629689,-0.029305,10824,2,1,1
53432242,294.500244,-0.002433,294.500000,295.298126,-0.629689,-0.029305,10834,2,1,1
53432263,294.500244,-0.002432,294.500000,295.298126,-0.629689,-0.029305,10844,2,1,1
53432284,294.500244,-0.002432,294.500000,295.298126,-0.629689,-0.029305,10854,2,1,1
53432305,294.500244,-0.002432,294.500000,295.298126,-0.629689,-0.029305,10864,2,1,1
53432325,294.500244,-0.002433,294.500000,295.298126,-0.629689,-0.029305,10874,2,1,1
53432346,294.500244,-0.002433,294.500000,295.298126,-0.629689,-0.029305,10884,2,1,1
53432367,294.500244,-0.002432,294.500000,295.298126,-0.629689,-0.029305,10894,2,1,1
53432387,294.500244,-0.002433,294.500000,295.298126,-0.629689,-0.029305,10904,2,1,1
53432408,294.500244,-0.002433,294.500000,295.298126,-0.629689,-0.029305,10914,2,1,1
53432429,294.500244,-0.002432,294.500000,295.298126,-0.629689,-0.029305,10924,2,1,1
53432449,294.500244,-0.002433,294.500000,295.298126,-0.629689,-0.029305,10934,2,1,1
53432470,294.500244,-0.002433,294.500000,295.298126,-0.629689,-0.029305,10944,2,1,1
53432491,294.500244,-0.002432,294.500000,295.298126,-0.629689,-0.029305,10954,2,1,1
53432511,294.500244,-0.002433,294.500000,295.298126,-0.629689,-0.029305,10964,2,1,1
53432532,294.500244,-0.002433,294.500000,295.298126,-0.629689,-0.029305,10974,2,1,1
53432552,294.500244,-0.002434,294.500000,295.298126,-0.629689,-0.029305,10984,1,1,1
53432573,294.500244,-0.002433,294.500000,295.298126,-0.629689,-0.029305,10994,2,1,1
53432594,294.500244,-0.002433,294.500000,295.298126,-0.629689,-0.029305,11004,2,1,1
53432614,294.500244,-0.002434,294.500000,295.298126,-0.629689,-0.029305,11014,1,1,1
53432635,294.500244,-0.002433,294.500000,295.298126,-0.629689,-0.029305,11024,2,1,1
53432656,294.500244,-0.002433,294.500000,295.298126,-0.629689,-0.029305,11034,2,1,1
53432676,294.500244,-0.002433,294.500000,295.298126,-0.629689,-0.029305,11044,2,1,1
53432697,294.500244,-0.002433,294.500000,295.298126,-0.629689,-0.029305,11054,2,1,1
53432718,294.500244,-0.002432,294.500000,295.298126,-0.629689,-0.029305,11064,2,1,1
53432738,294.500244,-0.002433,294.500000,295.298126,-0.629689,-0.029305,11074,2,1,1
53432759,294.500244,-0.002433,294.500000,295.298126,-0.629689,-0.029305,11084,2,1,1
53432780,294.500244,-0.002432,294.500000,295.298126,-0.629689,-0.029305,11094,2,1,1
53432800,294.500244,-0.002433,294.500000,295.298126,-0.629689,-0.029305,11104,2,1,1
53432821,294.500244,-0.002433,294.500000,295.298126,-0.629689,-0.029305,11114,2,1,1
53432842,294.500244,-0.002433,294.500000,295.298126,-0.629689,-0.029305,11124,2,1,1
53432862,294.500244,-0.002433,294.500000,295.298126,-0.629689,-0.029305,11134,2,1,1
53432883,294.500244,-0.002433,294.500000,295.298126,-0.629689,-0.029305,11144,2,1,1
53432904,294.500244,-0.002432,294.500000,295.298126,-0.629689,-0.029305,11154,2,1,1
53432924,294.500244,-0.002433,294.500000,295.298126,-0.629689,-0.029305,11164,2,1,1
53432945,294.500244,-0.002433,294.500000,295.298126,-0.629689,-0.029305,11174,2,1,1
53432965,294.500244,-0.002434,294.500000,295.298126,-0.629689,-0.029305,11184,1,1,1
53432986,294.500244,-0.002433,294.500000,295.298126,-0.629689,-0.029305,11194,2,1,1
53433007,294.500244,-0.002433,294.500000,295.298126,-0.629689,-0.029305,11204,2,1,1
53433027,294.500244,-0.002433,294.500000,295.298126,-0.629689,-0.029305,11214,2,1,1
53433048,294.500244,-0.002433,294.500000,295.298126,-0.629689,-0.029305,11224,2,1,1
53433069,294.500244,-0.002432,294.500000,295.298126,-0.629689,-0.029305,11234,2,1,1
53433089,294.500244,-0.002433,294.500000,295.298126,-0.629689,-0.029305,11244,2,1,1
53433110,294.500244,-0.002433,294.500000,295.298126,-0.629689,-0.029305,11254,2,1,1
53433130,294.500244,-0.002434,294.500000,295.298126,-0.629689,-0.029305,11264,2,1,1
53433151,294.500244,-0.002433,294.500000,295.298126,-0.629689,-0.029305,11274,2,1,1
53433172,294.500244,-0.002433,294.500000,295.298126,-0.629689,-0.029305,11284,2,1,1
53433193,294.500244,-0.002433,294.500000,295.298126,-0.629689,-0.029305,11294,2,1,1
53433214,294.500244,-0.002432,294.500000,295.298126,-0.629689,-0.029305,11304,2,1,1
53433235,294.500244,-0.002432,294.500000,295.298126,-0.629689,-0.029305,11314,3,1,1
53433255,294.500244,-0.002433,294.500000,295.298126,-0.629689,-0.029305,11324,2,1,1
53433276,294.500244,-0.002433,294.500000,295.298126,-0.629689,-0.029305,11334,2,1,1
53433297,294.500244,-0.002432,294.500000,295.298126,-0.629689,-0.029305,11344,2,1,1
53433317,294.500244,-0.002433,294.500000,295.298126,-0.629689,-0.029305,11354,2,1,1
53433338,294.500244,-0.002433,294.500000,295.298126,-0.629689,-0.029305,11364,2,1,1
53433359,294.500244,-0.002432,294.500000,295.298126,-0.629689,-0.029305,11374,2,1,1
53433379,294.500244,-0.002433,294.500000,295.298126,-0.629689,-0.029305,11384,2,1,1
53433400,294.500244,-0.002433,294.500000,295.298126,-0.629689,-0.029305,11394,2,1,1
53433420,294.500244,-0.002434,294.500000,295.298126,-0.629689,-0.029305,11404,1,1,1
53433441,294.500244,-0.002433,294.500000,295.298126,-0.629689,-0.029305,11414,2,1,1
53433462,294.500244,-0.002433,294.500000,295.298126,-0.629689,-0.029305,11424,2,1,1
53433482,294.500244,-0.002434,294.500000,295.298126,-0.629689,-0.029305,11434,1,1,1
53433503,294.500244,-0.002433,294.500000,295.298126,-0.629689,-0.029305,11444,2,1,1
53433524,294.500244,-0.002433,294.500000,295.298126,-0.629689,-0.029305,11454,2,1,1
53433544,294.500244,-0.002433,294.500000,295.298126,-0.629689,-0.029305,11464,2,1,1
53433565,294.500244,-0.002433,294.500000,295.298126,-0.629689,-0.029305,11474,2,1,1
53433586,294.500244,-0.002433,294.500000,295.298126,-0.629689,-0.029305,11484,2,1,1
53433607,294.500244,-0.002432,294.500000,295.298126,-0.629689,-0.029305,11494,2,1,1
53433627,294.500244,-0.002433,294.500000,295.298126,-0.629689,-0.029305,11504,2,1,1
53433648,294.500244,-0.002433,294.500000,295.298126,-0.629689,-0.029305,11514,2,1,1
53433669,294.500244,-0.002433,294.500000,295.298126,-0.629689,-0.029305,11524,2,1,1
53433690,294.500244,-0.002432,294.500000,295.298126,-0.629689,-0.029305,11534,2,1,1
53433710,294.500244,-0.002433,294.500000,295.298126,-0.629689,-0.029305,11544,1,1,1
53433731,294.500244,-0.002433,294.500000,295.298126,-0.629689,-0.029305,11554,2,1,1
53433752,294.500244,-0.002433,294.500000,295.298126,-0.629689,-0.029305,11564,2,1,1
53433773,294.500244,-0.002432,294.500000,295.298126,-0.629689,-0.029305,11574,2,1,1
53433793,294.500244,-0.002433,294.500000,295.298126,-0.629689,-0.029305,11584,2,1,1
53433814,294.500244,-0.002433,294.500000,295.298126,-0.629689,-0.029305,11594,2,1,1
53433835,294.500244,-0.002432,294.500000,295.298126,-0.629689,-0.029305,11604,2,1,1
53433855,294.500244,-0.002433,294.500000,295.298126,-0.629689,-0.029305,11614,2,1,1
53433876,294.500244,-0.002433,294.500000,295.298126,-0.629689,-0.029305,11624,2,1,1
53433897,294.500244,-0.002432,294.500000,295.298126,-0.629689,-0.029305,11634,2,1,1
53433917,294.500244,-0.002433,294.500000,295.298126,-0.629689,-0.029305,11644,2,1,1
53433938,294.500244,-0.002433,294.500000,295.298126,-0.629689,-0.029305,11654,2,1,1
53433959,294.500244,-0.002432,294.500000,295.298126,-0.629689,-0.029305,11664,2,1,1
53433979,294.500244,-0.002433,294.500000,295.298126,-0.629689,-0.029305,11674,2,1,1
53434000,294.500244,-0.002433,294.500000,295.298126,-0.629689,-0.029305,11684,2,1,1
53434020,294.500244,-0.002434,294.500000,295.298126,-0.629689,-0.029305,11694,1,1,1
53434041,294.500244,-0.002433,294.500000,295.298126,-0.629689,-0.029305,11704,2,1,1
53434062,294.500244,-0.002433,294.500000,295.298126,-0.629689,-0.029305,11714,2,1,1
53434083,294.500244,-0.002433,294.500000,295.298126,-0.629689,-0.029305,11724,2,1,1
53434104,294.500244,-0.002433,294.500000,295.298126,-0.629689,-0.029305,11734,2,1,1
53434125,294.500244,-0.002433,294.500000,295.298126,-0.629689,-0.029305,11744,2,1,1
53434146,294.500244,-0.002433,294.500000,295.298126,-0.629689,-0.029305,11754,2,1,1
53434167,294.500244,-0.002432,294.500000,295.298126,-0.629689,-0.029305,11764,2,1,1
53434188,294.500244,-0.002432,294.500000,295.298126,-0.629689,-0.029305,11774,2,1,1
53434209,294.500244,-0.002432,294.500000,295.298126,-0.629689,-0.029305,11784,2,1,1
53434230,294.500244,-0.002432,294.500000,295.298126,-0.629689,-0.029305,11794,2,1,1
53434250,294.500244,-0.002433,294.500000,295.298126,-0.629689,-0.029305,11804,2,1,1
53434270,294.500244,-0.002432,294.500000,295.298126,-0.629689,-0.029305,11813,3,1,1
53434290,294.500244,-0.002433,294.500000,295.298126,-0.629689,-0.029305,11823,2,1,1
53434311,294.500244,-0.002433,294.500000,295.276276,-0.629689,-0.029305,11833,1,1,1
53434332,294.500244,-0.002433,294.500000,295.298126,-0.629689,-0.029305,11843,2,1,1
53434353,294.500244,-0.002433,294.500000,295.298126,-0.629689,-0.029305,11853,2,1,1
53434374,294.500244,-0.002433,294.500000,295.298126,-0.629689,-0.029305,11863,2,1,1
53434395,294.500244,-0.002433,294.500000,295.298126,-0.629689,-0.029305,11873,2,1,1
53434416,294.500244,-0.002433,294.500000,295.298126,-0.629689,-0.029305,11883,2,1,1
53434437,294.500244,-0.002433,294.500000,295.298126,-0.629689,-0.029305,11893,2,1,1
53434458,294.500244,-0.002433,294.500000,295.298126,-0.629689,-0.029305,11903,2,1,1
53434479,294.500244,-0.002433,294.500000,295.298126,-0.629689,-0.029305,11913,2,1,1
53434500,294.500244,-0.002433,294.500000,295.298126,-0.629689,-0.029305,11923,2,1,1
53434521,294.500244,-0.002433,294.500000,295.298126,-0.629689,-0.029305,11933,2,1,1
53434542,294.500244,-0.002432,294.500000,295.298126,-0.629689,-0.029305,11943,2,1,1
53434562,294.500244,-0.002433,294.500000,295.298126,-0.629689,-0.029305,11953,2,1,1
53434583,294.500244,-0.002433,294.500000,295.298126,-0.629689,-0.029305,11963,2,1,1
53434604,294.500244,-0.002433,294.500000,295.298126,-0.629689,-0.029305,11973,2,1,1
53434625,294.500244,-0.002433,294.500000,295.298126,-0.629689,-0.029305,11983,2,1,1
53434646,294.500244,-0.002432,294.500000,295.298126,-0.629689,-0.029305,11993,2,1,1
53434667,294.500244,-0.002432,294.500000,295.298126,-0.629689,-0.029305,12003,2,1,1
53434688,294.500244,-0.002432,294.500000,295.298126,-0.629689,-0.029305,12013,2,1,1
53434708,294.500244,-0.002433,294.500000,295.276276,-0.629689,-0.029305,12023,2,1,1
53434729,294.500244,-0.002433,294.500000,295.298126,-0.629689,-0.029305,12033,2,1,1
53434750,294.500244,-0.002432,294.500000,295.298126,-0.629689,-0.029305,12043,2,1,1
53434770,294.500244,-0.002433,294.500000,295.298126,-0.629689,-0.029305,12053,2,1,1
53434791,294.500244,-0.002433,294.500000,295.298126,-0.629689,-0.029305,12063,2,1,1
53434812,294.500244,-0.002433,294.500000,295.298126,-0.629689,-0.029305,12073,2,1,1
53434833,294.500244,-0.002433,294.500000,295.298126,-0.629689,-0.029305,12083,2,1,1
53434854,294.500244,-0.002433,294.500000,295.298126,-0.629689,-0.029305,12093,2,1,1
53434875,294.500244,-0.002433,294.500000,295.298126,-0.629689,-0.029305,12103,2,1,1
53434896,294.500244,-0.002433,294.500000,295.298126,-0.629689,-0.029305,12113,2,1,1
53434917,294.500244,-0.002433,294.500000,295.298126,-0.629689,-0.029305,12123,2,1,1
53434939,294.500244,-0.002432,294.500000,295.298126,-0.629689,-0.029305,12133,2,1,1
53434959,294.500244,-0.002433,294.500000,295.298126,-0.629689,-0.029305,12143,2,1,1
53434980,294.500244,-0.002433,294.500000,295.298126,-0.629689,-0.029305,12153,2,1,1
53435001,294.500244,-0.002432,294.500000,295.298126,-0.629689,-0.029305,12163,2,1,1
53435022,294.500244,-0.002432,294.500000,295.298126,-0.629689,-0.029305,12173,2,1,1
53435043,294.500244,-0.002432,294.500000,295.298126,-0.629689,-0.029305,12183,2,1,1
53435064,294.500244,-0.002432,294.500000,295.298126,-0.629689,-0.029305,12193,2,1,1
53435085,294.500244,-0.002432,294.500000,295.298126,-0.629689,-0.029305,12203,2,1,1
53435106,294.500244,-0.002432,294.500000,295.298126,-0.629689,-0.029305,12213,2,1,1
53435127,294.500244,-0.002432,294.500000,295.298126,-0.629689,-0.029305,12223,2,1,1
53435147,294.500244,-0.002433,294.500000,295.298126,-0.629689,-0.029305,12233,2,1,1
53435168,294.500244,-0.002433,294.500000,295.298126,-0.629689,-0.029305,12243,2,1,1
53435189,294.500244,-0.002433,294.500000,295.298126,-0.629689,-0.029305,12253,2,1,1
53435210,294.500244,-0.002433,294.500000,295.298126,-0.629689,-0.029305,12263,2,1,1
53435231,294.500244,-0.002433,294.500000,295.298126,-0.629689,-0.029305,12273,2,1,1
53435252,294.500244,-0.002432,294.500000,295.298126,-0.629689,-0.029305,12283,2,1,1
53435273,294.500244,-0.002432,294.500000,295.276276,-0.629689,-0.029305,12293,2,1,1
53435294,294.500244,-0.002432,294.500000,295.298126,-0.629689,-0.029305,12303,2,1,1
53435315,294.500244,-0.002432,294.500000,295.276276,-0.629689,-0.029305,12313,2,1,1
53435336,294.500244,-0.002432,294.500000,295.298126,-0.629689,-0.029305,12323,2,1,1
53435357,294.500244,-0.002432,294.500000,295.298126,-0.629689,-0.029305,12333,2,1,1
53435378,294.500244,-0.002432,294.500000,295.298126,-0.629689,-0.029305,12343,2,1,1
53435399,294.500244,-0.002432,294.500000,295.298126,-0.629689,-0.029305,12353,2,1,1
53435420,294.500244,-0.002432,294.500000,295.298126,-0.629689,-0.029305,12363,2,1,1
53435441,294.500244,-0.002432,294.500000,295.298126,-0.629689,-0.029305,12373,2,1,1
53435462,294.500244,-0.002432,294.500000,295.276276,-0.629689,-0.029305,12383,2,1,1
53435482,294.500244,-0.002433,294.500000,295.298126,-0.629689,-0.029305,12393,1,1,1
53435503,294.500244,-0.002433,294.500000,295.298126,-0.629689,-0.029305,12403,2,1,1
53435524,294.500244,-0.002433,294.500000,295.298126,-0.629689,-0.029305,12413,2,1,1
53435544,294.500244,-0.002433,294.500000,295.298126,-0.629689,-0.029305,12423,2,1,1
53435565,294.500244,-0.002433,294.500000,295.298126,-0.629689,-0.029305,12433,2,1,1
53435586,294.500244,-0.002433,294.500000,295.298126,-0.629689,-0.029305,12443,2,1,1
53435607,294.500244,-0.002433,294.500000,295.298126,-0.629689,-0.029305,12453,2,1,1
53435628,294.500244,-0.002432,294.500000,295.298126,-0.629689,-0.029305,12463,2,1,1
53435649,294.500244,-0.002433,294.500000,295.298126,-0.629689,-0.029305,12473,2,1,1
53435670,294.500244,-0.002433,294.500000,295.298126,-0.629689,-0.029305,12483,2,1,1
53435691,294.500244,-0.002432,294.500000,295.298126,-0.629689,-0.029305,12493,2,1,1
53435712,294.500244,-0.002432,294.500000,295.298126,-0.629689,-0.029305,12503,2,1,1
53435732,294.500244,-0.002433,294.500000,295.276276,-0.629689,-0.029305,12513,2,1,1
53435753,294.500244,-0.002433,294.500000,295.298126,-0.629689,-0.029305,12523,2,1,1
53435774,294.500244,-0.002433,294.500000,295.298126,-0.629689,-0.029305,12533,2,1,1
53435795,294.500244,-0.002433,294.500000,295.298126,-0.629689,-0.029305,12543,2,1,1
53435816,294.500244,-0.002432,294.500000,295.276276,-0.629689,-0.029305,12553,2,1,1
53435837,294.500244,-0.002432,294.500000,295.298126,-0.629689,-0.029305,12563,2,1,1
53435857,294.500244,-0.002433,294.500000,295.298126,-0.629689,-0.029305,12573,2,1,1
53435878,294.500244,-0.002433,294.500000,295.298126,-0.629689,-0.029305,12583,2,1,1
53435899,294.500244,-0.002432,294.500000,295.276276,-0.629689,-0.029305,12593,2,1,1
53435920,294.500244,-0.002432,294.500000,295.276276,-0.629689,-0.029305,12603,3,1,1
53435940,294.500244,-0.002433,294.500000,295.276276,-0.629689,-0.029305,12613,2,1,1
53435961,294.500244,-0.002433,294.500000,295.276276,-0.629689,-0.029305,12623,2,1,1
53435982,294.500244,-0.002433,294.500000,295.298126,-0.629689,-0.029305,12633,2,1,1
53436003,294.500244,-0.002433,294.500000,295.298126,-0.629689,-0.029305,12643,2,1,1
53436024,294.500244,-0.002433,294.500000,295.276276,-0.629689,-0.029305,12653,2,1,1
53436044,294.500244,-0.002433,294.500000,295.276276,-0.629689,-0.029305,12663,2,1,1
53436065,294.500244,-0.002433,294.500000,295.276276,-0.629689,-0.029305,12673,2,1,1
53436086,294.500244,-0.002433,294.500000,295.276276,-0.629689,-0.029305,12683,2,1,1
53436106,294.500244,-0.002434,294.500000,295.298126,-0.629689,-0.029305,12693,2,1,1
53436127,294.500244,-0.002433,294.500000,295.298126,-0.629689,-0.029305,12703,2,1,1
53436148,294.500244,-0.002433,294.500000,295.276276,-0.629689,-0.029305,12713,2,1,1
53436169,294.500244,-0.002433,294.500000,295.276276,-0.629689,-0.029305,12723,2,1,1
53436190,294.500244,-0.002432,294.500000,295.276276,-0.629689,-0.029305,12733,2,1,1
53436210,294.500244,-0.002433,294.500000,295.298126,-0.629689,-0.029305,12743,2,1,1
53436231,294.500244,-0.002433,294.500000,295.298126,-0.629689,-0.029305,12753,2,1,1
53436252,294.500244,-0.002432,294.500000,295.298126,-0.629689,-0.029305,12763,2,1,1
53436272,294.500244,-0.002433,294.500000,295.276276,-0.629689,-0.029305,12773,2,1,1
53436292,294.500244,-0.002432,294.500000,295.276276,-0.629689,-0.029305,12782,2,1,1
53436312,294.500244,-0.002433,294.500000,295.298126,-0.629689,-0.029305,12792,2,1,1
53436333,294.500244,-0.002433,294.500000,295.298126,-0.629689,-0.029305,12802,2,1,1
53436354,294.500244,-0.002433,294.500000,295.298126,-0.629689,-0.029305,12812,2,1,1
53436375,294.500244,-0.002433,294.500000,295.276276,-0.629689,-0.029305,12822,2,1,1
53436396,294.500244,-0.002433,294.500000,295.276276,-0.629689,-0.029305,12832,2,1,1
53436416,294.500244,-0.002433,294.500000,295.298126,-0.629689,-0.029305,12842,2,1,1
53436437,294.500244,-0.002433,294.500000,295.298126,-0.629689,-0.029305,12852,2,1,1
53436458,294.500244,-0.002433,294.500000,295.276276,-0.629689,-0.029305,12862,2,1,1
53436479,294.500244,-0.002432,294.500000,295.298126,-0.629689,-0.029305,12872,2,1,1
53436499,294.500244,-0.002433,294.500000,295.298126,-0.629689,-0.029305,12882,2,1,1
53436520,294.500244,-0.002433,294.500000,295.298126,-0.629689,-0.029305,12892,2,1,1
53436541,294.500244,-0.002433,294.500000,295.298126,-0.629689,-0.029305,12902,2,1,1
53436561,294.500244,-0.002433,294.500000,295.298126,-0.629689,-0.029305,12912,1,1,1
53436582,294.500244,-0.002433,294.500000,295.276276,-0.629689,-0.029305,12922,2,1,1
53436603,294.500244,-0.002433,294.500000,295.276276,-0.629689,-0.029305,12932,2,1,1
53436624,294.500244,-0.002432,294.500000,295.276276,-0.629689,-0.029305,12942,2,1,1
53436644,294.500244,-0.002433,294.500000,295.276276,-0.629689,-0.029305,12952,2,1,1
53436665,294.500244,-0.002433,294.500000,295.276276,-0.629689,-0.029305,12962,2,1,1
53436686,294.500244,-0.002432,294.500000,295.276276,-0.629689,-0.029305,12972,2,1,1
53436706,294.500244,-0.002433,294.500000,295.276276,-0.629689,-0.029305,12982,2,1,1
53436727,294.500244,-0.002433,294.500000,295.276276,-0.629689,-0.029305,12992,2,1,1
53436747,294.500244,-0.002434,294.500000,295.298126,-0.629689,-0.029305,13002,2,1,1
53436768,294.500244,-0.002433,294.500000,295.298126,-0.629689,-0.029305,13012,2,1,1
53436789,294.500244,-0.002433,294.500000,295.276276,-0.629689,-0.029305,13022,2,1,1
53436810,294.500244,-0.002433,294.500000,295.298126,-0.629689,-0.029305,13032,2,1,1
53436831,294.500244,-0.002432,294.500000,295.276276,-0.629689,-0.029305,13042,2,1,1
53436851,294.500244,-0.002433,294.500000,295.276276,-0.629689,-0.029305,13052,2,1,1
53436872,294.500244,-0.002433,294.500000,295.276276,-0.629689,-0.029305,13062,2,1,1
53436892,294.500244,-0.002434,294.500000,295.298126,-0.629689,-0.029305,13072,1,1,1
53436912,294.500244,-0.002432,294.500000,295.276276,-0.629689,-0.029305,13081,2,1,1
53436932,294.500244,-0.002433,294.500000,295.276276,-0.629689,-0.029305,13091,2,1,1
53436953,294.500244,-0.002433,294.500000,295.276276,-0.629689,-0.029305,13101,2,1,1
53436973,294.500244,-0.002434,294.500000,295.298126,0.629689,-0.029305,13111,1,1,1
53436994,294.500244,-0.002433,294.500000,295.298126,-0.629689,-0.029305,13121,2,1,1
53437015,294.500244,-0.002433,294.500000,295.276276,-0.629689,-0.029305,13131,2,1,1
53437036,294.500244,-0.002433,294.500000,295.276276,-0.629689,-0.029305,13141,2,1,1
53437057,294.500244,-0.002433,294.500000,295.276276,-0.629689,-0.029305,13151,2,1,1
53437078,294.500244,-0.002432,294.500000,295.276276,-0.629689,-0.029305,13161,2,1,1
53437099,294.500244,-0.002432,294.500000,295.298126,-0.629689,-0.029305,13171,2,1,1
53437120,294.500244,-0.002432,294.500000,295.276276,-0.629689,-0.029305,13181,2,1,1
53437141,294.500244,-0.002432,294.500000,295.276276,-0.629689,-0.029305,13191,2,1,1
53437162,294.500244,-0.002432,294.500000,295.276276,-0.629689,-0.029305,13201,2,1,1
53437183,294.500244,-0.002432,294.500000,295.276276,-0.629689,-0.029305,13211,2,1,1
53437204,294.500244,-0.002432,294.500000,295.276276,-0.629689,-0.029305,13221,2,1,1
53437225,294.500244,-0.002432,294.500000,295.276276,-0.629689,-0.029305,13231,2,1,1
53437246,294.500244,-0.002432,294.500000,295.276276,-0.629689,-0.029305,13241,2,1,1
53437267,294.500244,-0.002432,294.500000,295.276276,-0.629689,-0.029305,13251,2,1,1
53437288,294.500244,-0.002432,294.500000,295.276276,-0.629689,-0.029305,13261,2,1,1
53437309,294.500244,-0.002432,294.500000,295.276276,-0.629689,-0.029305,13271,2,1,1
53437330,294.500244,-0.002432,294.500000,295.276276,-0.629689,-0.029305,13281,2,1,1
53437351,294.500244,-0.002433,294.500000,295.298126,-0.629689,-0.029305,13291,2,1,1
53437372,294.500244,-0.002433,294.500000,295.298126,-0.629689,-0.029305,13301,2,1,1
53437393,294.500244,-0.002433,294.500000,295.276276,-0.629689,-0.029305,13311,2,1,1
53437414,294.500244,-0.002433,294.500000,295.298126,-0.629689,-0.029305,13321,2,1,1
53437435,294.500244,-0.002433,294.500000,295.276276,-0.629689,-0.029305,13331,2,1,1
53437456,294.500244,-0.002433,294.500000,295.276276,-0.629689,-0.029305,13341,2,1,1
53437477,294.500244,-0.002433,294.500000,295.298126,-0.629689,-0.029305,13351,2,1,1
53437498,294.500244,-0.002433,294.500000,295.276276,-0.629689,-0.029305,13361,2,1,1
53437519,294.500244,-0.002432,294.500000,295.276276,-0.629689,-0.029305,13371,2,1,1
53437539,294.500244,-0.002433,294.500000,295.276276,-0.629689,-0.029305,13381,1,1,1
53437560,294.500244,-0.002433,294.500000,295.276276,-0.629689,-0.029305,13391,2,1,1
53437581,294.500244,-0.002433,294.500000,295.298126,-0.629689,-0.029305,13401,2,1,1
53437602,294.500244,-0.002433,294.500000,295.276276,-0.629689,-0.029305,13411,2,1,1
53437623,294.500244,-0.002433,294.500000,295.276276,-0.629689,-0.029305,13421,2,1,1
53437644,294.500244,-0.002433,294.500000,295.298126,-0.629689,-0.029305,13431,2,1,1
53437665,294.500244,-0.002433,294.500000,295.276276,-0.629689,-0.029305,13441,2,1,1
53437686,294.500244,-0.002433,294.500000,295.298126,-0.629689,-0.029305,13451,2,1,1
53437707,294.500244,-0.002433,294.500000,295.276276,-0.629689,-0.029305,13461,2,1,1
53437728,294.500244,-0.002432,294.500000,295.276276,-0.629689,-0.029305,13471,2,1,1
53437749,294.500244,-0.002432,294.500000,295.276276,-0.629689,-0.029305,13481,2,1,1
53437770,294.500244,-0.002432,294.500000,295.276276,-0.629689,-0.029305,13491,2,1,1
53437791,294.500244,-0.002432,294.500000,295.276276,-0.629689,-0.029305,13501,2,1,1
53437812,294.500244,-0.002433,294.500000,295.298126,-0.629689,-0.029305,13511,2,1,1
53437833,294.500244,-0.002432,294.500000,295.276276,-0.629689,-0.029305,13521,2,1,1
53437854,294.500244,-0.002433,294.500000,295.276276,-0.629689,-0.029305,13531,2,1,1
53437875,294.500244,-0.002433,294.500000,295.276276,-0.629689,-0.029305,13541,2,1,1
53437896,294.500244,-0.002433,294.500000,295.298126,-0.629689,-0.029305,13551,2,1,1
53437917,294.500244,-0.002433,294.500000,295.276276,-0.629689,-0.029305,13561,2,1,1
53437938,294.500244,-0.002432,294.500000,295.298126,-0.629689,-0.029305,13571,2,1,1
53437959,294.500244,-0.002432,294.500000,295.298126,-0.629689,-0.029305,13581,2,1,1
53437980,294.500244,-0.002432,294.500000,295.276276,-0.629689,-0.029305,13591,2,1,1
53438001,294.500244,-0.002432,294.500000,295.276276,-0.629689,-0.029305,13601,2,1,1
53438022,294.500244,-0.002432,294.500000,295.276276,-0.629689,-0.029305,13611,2,1,1
53438043,294.500244,-0.002432,294.500000,295.298126,-0.629689,-0.029305,13621,2,1,1
53438064,294.500244,-0.002432,294.500000,295.276276,-0.629689,-0.029305,13631,2,1,1
53438085,294.500244,-0.002432,294.500000,295.276276,-0.629689,-0.029305,13641,2,1,1
53438106,294.500244,-0.002432,294.500000,295.276276,-0.629689,-0.029305,13651,2,1,1
53438127,294.500244,-0.002432,294.500000,295.276276,-0.629689,-0.029305,13661,2,1,1
53438148,294.500244,-0.002432,294.500000,295.298126,-0.629689,-0.029305,13671,2,1,1
53438168,294.500244,-0.002433,294.500000,295.298126,-0.629689,-0.029305,13681,2,1,1
53438189,294.500244,-0.002433,294.500000,295.298126,-0.629689,-0.029305,13691,2,1,1
53438210,294.500244,-0.002433,294.500000,295.298126,-0.629689,-0.029305,13701,2,1,1
53438231,294.500244,-0.002432,294.500000,295.298126,-0.629689,-0.029305,13711,2,1,1
53438252,294.500244,-0.002432,294.500000,295.276276,-0.629689,-0.029305,13721,2,1,1
53438273,294.500244,-0.002432,294.500000,295.276276,-0.629689,-0.029305,13731,2,1,1
53438294,294.500244,-0.002432,294.500000,295.276276,-0.629689,-0.029305,13741,2,1,1
53438315,294.500244,-0.002432,294.500000,295.276276,-0.629689,-0.029305,13751,2,1,1
53438336,294.500244,-0.002432,294.500000,295.276276,-0.629689,-0.029305,13761,2,1,1
53438356,294.500244,-0.002433,294.500000,295.276276,-0.629689,-0.029305,13771,1,1,1
53438377,294.500244,-0.002433,294.500000,295.298126,-0.629689,-0.029305,13781,1,1,1
53438399,294.500244,-0.002432,294.500000,295.276276,-0.629689,-0.029305,13791,2,1,1
53438420,294.500244,-0.002432,294.500000,295.276276,-0.629689,-0.029305,13801,2,1,1
53438441,294.500244,-0.002432,294.500000,295.276276,-0.629689,-0.029305,13811,2,1,1
53438462,294.500244,-0.002432,294.500000,295.276276,-0.629689,-0.029305,13821,2,1,1
53438483,294.500244,-0.002432,294.500000,295.276276,-0.629689,-0.029305,13831,2,1,1
53438504,294.500244,-0.002432,294.500000,295.276276,-0.629689,-0.029305,13841,2,1,1
53438524,294.500244,-0.002433,294.500000,295.276276,-0.629689,-0.029305,13851,2,1,1
53438545,294.500244,-0.002433,294.500000,295.276276,-0.629689,-0.029305,13861,2,1,1
53438566,294.500244,-0.002433,294.500000,295.298126,-0.629689,-0.029305,13871,2,1,1
53438587,294.500244,-0.002433,294.500000,295.276276,-0.629689,-0.029305,13881,2,1,1
53438608,294.500244,-0.002433,294.500000,295.276276,-0.629689,-0.029305,13891,2,1,1
53438629,294.500244,-0.002433,294.500000,295.276276,-0.629689,-0.029305,13901,2,1,1
53438650,294.500244,-0.002432,294.500000,295.276276,-0.629689,-0.029305,13911,2,1,1
53438670,294.500244,-0.002433,294.500000,295.276276,-0.629689,-0.029305,13921,2,1,1
53438691,294.500244,-0.002433,294.500000,295.276276,-0.629689,-0.029305,13931,2,1,1
53438712,294.500244,-0.002432,294.500000,295.298126,-0.629689,-0.029305,13941,2,1,1
53438733,294.500244,-0.002432,294.500000,295.276276,-0.629689,-0.029305,13951,2,1,1
53438754,294.500244,-0.002432,294.500000,295.276276,-0.629689,-0.029305,13961,2,1,1
53438775,294.500244,-0.002432,294.500000,295.276276,-0.629689,-0.029305,13971,2,1,1
53438796,294.500244,-0.002432,294.500000,295.298126,-0.629689,-0.029305,13981,2,1,1
53438817,294.500244,-0.002432,294.500000,295.276276,-0.629689,-0.029305,13991,2,1,1
53438838,294.500244,-0.002432,294.500000,295.276276,-0.629689,-0.029305,14001,2,1,1
53438858,294.500244,-0.002433,294.500000,295.276276,-0.629689,-0.029305,14011,2,1,1
53438879,294.500244,-0.002433,294.500000,295.276276,-0.629689,-0.029305,14021,2,1,1
53438900,294.500244,-0.002433,294.500000,295.276276,-0.629689,-0.029305,14031,2,1,1
53438921,294.500244,-0.002433,294.500000,295.276276,-0.629689,-0.029305,14041,2,1,1
53438942,294.500244,-0.002433,294.500000,295.276276,-0.629689,-0.029305,14051,2,1,1
53438962,294.500244,-0.002432,294.500000,295.298126,0.629689,-0.029305,14060,2,1,1
53438983,294.500244,-0.002432,294.500000,295.276276,-0.629689,-0.029305,14070,2,1,1
53439004,294.500244,-0.002432,294.500000,295.276276,-0.629689,-0.029305,14080,2,1,1
53439025,294.500244,-0.002432,294.500000,295.276276,-0.629689,-0.029305,14090,2,1,1
53439046,294.500244,-0.002432,294.500000,295.276276,-0.629689,-0.029305,14100,2,1,1
53439067,294.500244,-0.002432,294.500000,295.276276,-0.629689,-0.029305,14110,2,1,1
53439088,294.500244,-0.002433,294.500000,295.276276,-0.629689,-0.029305,14120,2,1,1
53439109,294.500244,-0.002432,294.500000,295.276276,-0.629689,-0.029305,14130,2,1,1
53439129,294.500244,-0.002433,294.500000,295.276276,-0.629689,-0.029305,14140,2,1,1
53439150,294.500244,-0.002433,294.500000,295.276276,-0.629689,-0.029305,14150,2,1,1
53439170,294.500244,-0.002434,294.500000,295.276276,-0.629689,-0.029305,14160,1,1,1
53439191,294.500244,-0.002433,294.500000,295.276276,-0.629689,-0.029305,14170,2,1,1
53439212,294.500244,-0.002433,294.500000,295.298126,-0.629689,-0.029305,14180,2,1,1
53439232,294.500244,-0.002434,294.500000,295.298126,-0.629689,-0.029305,14190,2,1,1
53439253,294.500244,-0.002433,294.500000,295.276276,-0.629689,-0.029305,14200,2,1,1
53439274,294.500244,-0.002433,294.500000,295.276276,-0.629689,-0.029305,14210,2,1,1
53439295,294.500244,-0.002433,294.500000,295.276276,-0.629689,-0.029305,14220,2,1,1
53439316,294.500244,-0.002432,294.500000,295.276276,-0.629689,-0.029305,14230,2,1,1
53439337,294.500244,-0.002432,294.500000,295.276276,-0.629689,-0.029305,14240,2,1,1
53439358,294.500244,-0.002432,294.500000,295.276276,-0.629689,-0.029305,14250,2,1,1
53439379,294.500244,-0.002432,294.500000,295.276276,-0.629689,-0.029305,14260,2,1,1
53439400,294.500244,-0.002432,294.500000,295.276276,-0.629689,-0.029305,14270,2,1,1
53439421,294.500244,-0.002432,294.500000,295.298126,-0.629689,-0.029305,14280,2,1,1
53439442,294.500244,-0.002432,294.500000,295.276276,-0.629689,-0.029305,14290,2,1,1
53439462,294.500244,-0.002433,294.500000,295.276276,-0.629689,-0.029305,14300,2,1,1
53439483,294.500244,-0.002433,294.500000,295.276276,-0.629689,-0.029305,14310,2,1,1
53439504,294.500244,-0.002433,294.500000,295.276276,-0.629689,-0.029305,14320,2,1,1
53439525,294.500244,-0.002433,294.500000,295.276276,-0.629689,-0.029305,14330,2,1,1
53439546,294.500244,-0.002433,294.500000,295.276276,-0.629689,-0.029305,14340,2,1,1
53439566,294.500244,-0.002433,294.500000,295.276276,-0.629689,-0.029305,14350,2,1,1
53439587,294.500244,-0.002433,294.500000,295.276276,-0.629689,-0.029305,14360,2,1,1
53439608,294.500244,-0.002432,294.500000,295.276276,-0.629689,-0.029305,14370,2,1,1
53439628,294.500244,-0.002433,294.500000,295.276276,-0.629689,-0.029305,14380,2,1,1
53439649,294.500244,-0.002433,294.500000,295.276276,-0.629689,-0.029305,14390,2,1,1
53439669,294.500244,-0.002434,294.500000,295.276276,-0.629689,-0.029305,14400,1,1,1
53439690,294.500244,-0.002433,294.500000,295.276276,-0.629689,-0.029305,14410,2,1,1
53439711,294.500244,-0.002433,294.500000,295.276276,-0.629689,-0.029305,14420,2,1,1
53439731,294.500244,-0.002434,294.500000,295.276276,-0.629689,-0.029305,14430,2,1,1
53439752,294.500244,-0.002433,294.500000,295.276276,-0.629689,-0.029305,14440,2,1,1
53439773,294.500244,-0.002433,294.500000,295.276276,-0.629689,-0.029305,14450,2,1,1
53439794,294.500244,-0.002432,294.500000,295.276276,-0.629689,-0.029305,14460,2,1,1
53439815,294.500244,-0.002432,294.500000,295.276276,-0.629689,-0.029305,14470,2,1,1
53439836,294.500244,-0.002432,294.500000,295.276276,-0.629689,-0.029305,14480,2,1,1
53439857,294.500244,-0.002432,294.500000,295.276276,-0.629689,-0.029305,14490,2,1,1
53439878,294.500244,-0.002432,294.500000,295.276276,-0.629689,-0.029305,14500,2,1,1
53439899,294.500244,-0.002432,294.500000,295.276276,-0.629689,-0.029305,14510,2,1,1
53439920,294.500244,-0.002432,294.500000,295.276276,-0.629689,-0.029305,14520,2,1,1
53439941,294.500244,-0.002432,294.500000,295.276276,-0.629689,-0.029305,14530,2,1,1
53439961,294.500244,-0.002433,294.500000,295.276276,-0.629689,-0.029305,14540,2,1,1
53439982,294.500244,-0.002433,294.500000,295.276276,-0.629689,-0.029305,14550,2,1,1
53440002,294.500244,-0.002434,294.500000,295.276276,-0.629689,-0.029305,14560,2,1,1
53440023,294.500244,-0.002433,294.500000,295.276276,-0.629689,-0.029305,14570,2,1,1
53440044,294.500244,-0.002433,294.500000,295.276276,-0.629689,-0.029305,14580,2,1,1
53440065,294.500244,-0.002432,294.500000,295.276276,-0.629689,-0.029305,14590,2,1,1
53440086,294.500244,-0.002432,294.500000,295.276276,-0.629689,-0.029305,14600,2,1,1
53440106,294.500244,-0.002433,294.500000,295.276276,-0.629689,-0.029305,14610,1,1,1
53440127,294.500244,-0.002433,294.500000,295.276276,-0.629689,-0.029305,14620,2,1,1
53440148,294.500244,-0.002433,294.500000,295.276276,-0.629689,-0.029305,14630,2,1,1
53440168,294.500244,-0.002433,294.500000,295.276276,-0.629689,-0.029305,14640,2,1,1
53440189,294.500244,-0.002433,294.500000,295.276276,-0.629689,-0.029305,14650,2,1,1
53440210,294.500244,-0.002433,294.500000,295.276276,-0.629689,-0.029305,14660,2,1,1
53440230,294.500244,-0.002434,294.500000,295.276276,-0.629689,-0.029305,14670,2,1,1
53440251,294.500244,-0.002433,294.500000,295.276276,-0.629689,-0.029305,14680,2,1,1
53440272,294.500244,-0.002432,294.500000,295.276276,-0.629689,-0.029305,14690,2,1,1
53440292,294.500244,-0.002433,294.500000,295.276276,-0.629689,-0.029305,14700,2,1,1
53440313,294.500244,-0.002433,294.500000,295.276276,-0.629689,-0.029305,14710,2,1,1
53440334,294.500244,-0.002432,294.500000,295.276276,-0.629689,-0.029305,14720,2,1,1
53440354,294.500244,-0.002433,294.500000,295.276276,-0.629689,-0.029305,14730,2,1,1
53440375,294.500244,-0.002433,294.500000,295.276276,-0.629689,-0.029305,14740,2,1,1
53440396,294.500244,-0.002432,294.500000,295.276276,-0.629689,-0.029305,14750,2,1,1
53440416,294.500244,-0.002433,294.500000,295.276276,-0.629689,-0.029305,14760,2,1,1
53440437,294.500244,-0.002433,294.500000,295.276276,-0.629689,-0.029305,14770,2,1,1
53440458,294.500244,-0.002432,294.500000,295.276276,-0.629689,-0.029305,14780,2,1,1
53440478,294.500244,-0.002433,294.500000,295.276276,-0.629689,-0.029305,14790,2,1,1
53440499,294.500244,-0.002433,294.500000,295.276276,-0.629689,-0.029305,14800,2,1,1
53440519,294.500244,-0.002434,294.500000,295.276276,-0.629689,-0.029305,14810,1,1,1
53440540,294.500244,-0.002433,294.500000,295.276276,-0.629689,-0.029305,14820,2,1,1
53440561,294.500244,-0.002433,294.500000,295.276276,-0.629689,-0.029305,14830,2,1,1
53440581,294.500244,-0.002434,294.500000,295.276276,-0.629689,-0.029305,14840,2,1,1
53440602,294.500244,-0.002433,294.500000,295.276276,-0.629689,-0.029305,14850,2,1,1
53440623,294.500244,-0.002433,294.500000,295.276276,-0.629689,-0.029305,14860,2,1,1
53440643,294.500244,-0.002434,294.500000,295.276276,-0.629689,-0.029305,14870,2,1,1
53440664,294.500244,-0.002433,294.500000,295.276276,-0.629689,-0.029305,14880,2,1,1
53440685,294.500244,-0.002433,294.500000,295.276276,-0.629689,-0.029305,14890,2,1,1
53440705,294.500244,-0.002433,294.500000,295.276276,-0.629689,-0.029305,14900,2,1,1
53440726,294.500244,-0.002433,294.500000,295.276276,-0.629689,-0.029305,14910,2,1,1
53440747,294.500244,-0.002432,294.500000,295.276276,-0.629689,-0.029305,14920,2,1,1
53440767,294.500244,-0.002433,294.500000,295.276276,-0.629689,-0.029305,14930,2,1,1
53440788,294.500244,-0.002433,294.500000,295.276276,-0.629689,-0.029305,14940,2,1,1
53440808,294.500244,-0.002434,294.500000,295.276276,-0.629689,-0.029305,14950,1,1,1
53440829,294.500244,-0.002433,294.500000,295.276276,-0.629689,-0.029305,14960,2,1,1
53440850,294.500244,-0.002433,294.500000,295.276276,-0.629689,-0.029305,14970,2,1,1
53440870,294.500244,-0.002434,294.500000,295.276276,-0.629689,-0.029305,14980,2,1,1
53440891,294.500244,-0.002433,294.500000,295.276276,-0.629689,-0.029305,14990,2,1,1
53440912,294.500244,-0.002433,294.500000,295.276276,-0.629689,-0.029305,15000,2,1,1
53440932,294.500244,-0.002434,294.500000,295.276276,-0.629689,-0.029305,15010,2,1,1
53440953,294.500244,-0.002433,294.500000,295.276276,-0.629689,-0.029305,15020,2,1,1
53440974,294.500244,-0.002433,294.500000,295.276276,-0.629689,-0.029305,15030,2,1,1
53440994,294.500244,-0.002434,294.500000,295.276276,-0.629689,-0.029305,15040,2,1,1
53441015,294.500244,-0.002433,294.500000,295.276276,-0.629689,-0.029305,15050,2,1,1
53441035,294.500244,-0.002434,294.500000,295.276276,-0.629689,-0.029305,15060,1,1,1
53441056,294.500244,-0.002433,294.500000,295.276276,-0.629689,-0.029305,15070,2,1,1
